id,query
1,Why Deep Fried Foods May Cause Cancer
2,Do Cholesterol Statin Drugs Cause Breast Cancer?
3,Breast Cancer Cells Feed on Cholesterol
4,Using Diet to Treat Asthma and Eczema
5,Treating Asthma With Plants vs. Pills
6,How Fruits and Vegetables Can Treat Asthma
7,How Fruits and Vegetables Can Prevent Asthma
8,Our Tax Dollars Subsidize Unhealthy Foods
9,Reducing Arsenic in Chicken and Rice
10,How Contaminated Are Our Children?
11,Living Longer by Reducing Leucine Intake
12,Exploiting Autophagy to Live Longer
14,"Blood Type Diet Perceived as ""Crass Fraud"""
15,Why Do Heart Doctors Favor Surgery and Drugs Over Diet?
16,Phytates in Beans: Anti-Nutrient or Anti-Cancer?
17,How Phytates Fight Cancer Cells
18,Colon Cancer Prevention: Is it the Fiber or the Phytates?
19,Low Carb Diets Found to Feed Heart Disease
20,How Curry Can Kill Cancer Cells
21,Testing Turmeric on Smokers
22,Why are Cancer Rates so Low in India?
23,How to Reduce Exposure to Alkylphenols Through Your Diet
24,Alkylphenol Endocrine Disruptors and Allergies
25,Slowing Cognitive Decline with Berries
26,What is ‘Meat Glue’?
27,Is Liquid Smoke Safe?
28,Does Antioxidant Intake Matter for Stroke and Heart Disease?
29,Does Antioxidant Intake Matter for Cancer?
30,Is buying organic worth it? A review of the science in new DVD
31,Orange Aromatherapy for Anxiety
32,Peeks Behind the Egg Industry Curtain
33,What’s Driving America’s Obesity Problem?
34,Food Manufacturers Get to Decide if Their Own Additives Are Safe
35,Meat Industry Wins Right to Sell Tainted Meat
36,Chicken Salmonella Outbreaks Show Food Safety Systems Failure
37,Viral Food Poisoning from Pesticides?
38,The Reversal on Fish Oil
40,Are Multivitamins Just a Waste of Money?
41,Understanding Lifestyle Medicine From the Heart
42,Don't Forget Fiber
43,Organic Milk and Prostate Cancer
44,Who Should be Careful About Curcumin?
46,Why Pepper Boosts Turmeric Blood Levels
47,Foods That Fight Osteoarthritis & Inflammation
49,The Spice That Helps Ease Rheumatoid Arthritis Pain
50,The Top Three DNA Protecting Spices
51,The Top Four Anti-Inflammatory Spices
52,Superbugs on Retail Chicken
53,Foods for Computer Eye Strain
54,Currant Treatment for Glaucoma
55,Foods for Macular Degeneration
56,Foods for Glaucoma
57,How Long to Avoid Fish Before Conception?
58,Boosting Anti-Cancer Immunity with Berries
59,The Vitamin Everyone on a Plant-Based Diet Needs
60,Comparing Vegans' Arteries to Runners'
61,"Add Beans, Berries, and Greens to More Meals"
63,How to Get Enough Antioxidants Each Day
64,The Reason We Need More Antioxidants
65,How Avoiding Eggs Could Help You Avoid Diabetes
67,How Beans Help Our Bones
68,What is Actually in Chicken Nuggets?
69,Does Caramel Color Cause Cancer?
70,We Can End the Heart Disease Epidemic
71,How to Prevent Heart Disease
72,How Seafood Can Impact Brain Development
73,Why Pregnant Women Should Avoid Tuna
74,How Fatty Foods May Affect Our Love Life
75,Can One Become a Sugar Addict?
76,Where are Phosphate Additives Found?
77,Phosphate Additives in Chicken Banned Elsewhere
78,What Do Meat Purge and Cola Have in Common?
79,What to Eat to Reduce Our Toxic Exposure
80,Our Immune System Uses Plants To Activate Gut Protection
82,Are Canned Beans as Healthy as Home Cooked?
84,Can Eating Soy Prevent Breast Cancer?
85,Eat Beans to Live Longer
86,Overdosing on Poppy Seeds
87,The Healthiest Diet for Weight Control
88,Why Athletes Should Eat Nutritional Yeast
90,How to Boost the Benefits of Exercise
91,Chronic Headaches and Pork Parasites
92,Why the Egg-Cancer Link?
93,How Eggs Can Impact Body Odor
94,How to Design a Misleading Study
95,How Grapefruit Affects Prescription Drugs
97,Test to See If Your Diet is Alkaline or Acid Forming
98,Does Animal Protein Cause Osteoporosis?
99,Quadrupling Breast Cancer Survival
100,Cancer and the Animal-to-Plant Protein Ratio
101,How to Treat Multiple Sclerosis With Diet
102,Stopping Heart Disease in Childhood
103,How Plant-Based Diets May Extend Our Lives
104,A Low Methionine Diet May Help Starve Cancer Cells
105,How Animal Proteins May Trigger Autoimmune Disease 
106,Handling Poultry Tied to Liver/Pancreatic Cancers
107,Improving Attractiveness in Six Weeks
108,Want to be Healthier? Change Your Taste Buds
109,How to Get Parents to Eat Their Vegetables
110,How To Get Our Kids to Eat Their Vegetables
111,How to Get Kids to Eat Their Vegetables
112,Food Dyes and ADHD
114,How to Treat ADHD Without Drugs
115,Avoid Butter-Flavored Microwave Popcorn
116,Pistachios May Help Erectile Dysfunction
117,Foods for a Long Life and Love Life
118,Pills vs. Diet For Erectile Dysfunction
119,Which Seaweed to Help Prevent Breast Cancer?
120,Preloading With Watercress Before Exercise
121,Berries to Prevent Muscle Soreness
122,Citrus to Reduce Muscle Fatigue
123,How Citrus Might Help Keep Your Hands Warm
124,Toxin Contamination of Spirulina Supplements
125,Is Noni or Mangosteen Juice Safe?
126,Should Carrageenan Be Avoided?
127,Treating Menstrual Pain With Diet
128,Cayenne for Irritable Bowel
129,Natural Treatment for Cluster Headaches
130,Foods With Natural Melatonin
131,Two Kiwifruit an Hour Before Bedtime
132,Can We Fight the Blues With Greens?
133,Starving Tumors of Their Blood Supply 
134,Breast Cancer and Wine
135,Why Do Vegan Women Have Fewer Female Cancers?
136,When a Scraped Knee May Once Again Kill 
137,Why We Should Eat More Beans
138,Egg Industry Caught Making False Claims
139,Male Fertility and Dietary Pollutants
140,Trans Fat in Animal Fat
141,Ginger & Lemon Balm for Radiation Exposure
142,Dealing With Air Travel Radiation Exposure
143,Are Dental X-Rays Safe?
144,How Risky are CT Scans?
145,Fukushima Radiation and Seafood
146,Tea and Fluoride Risk
147,Does Cranberry Juice Work Against Bladder Infections?
148,How Avoiding Chicken Could Prevent Bladder Infections
149,Preventing Bacterial Vaginosis With Diet
150,Treating Migraines With Lavender
151,Using Lavender to Treat Anxiety
152,How Probiotics Affect Mental Health
153,How Should I Take Probiotics?
154,Probiotics During Cold Season?
155,Probiotics and Diarrhea
156,Mushrooms and Immunity
158,Raspberries Reverse Precancerous Lesions
159,Strawberries Can Reverse Precancerous Progression
160,Anti-Cancer Nutrient Synergy in Cranberries
161,Which Common Fruit Fights Cancer Better?
163,Half of Doctors Give Placebos
164,Down But Not Out
165,Breast Cancer & Alcohol: How Much is Safe?
166,Best Nutrition Bang for Your Buck
167,Schoolchildren Should Drink More Water
168,Why Are Eggs Linked to Cancer Progression?
169,Avoid Carnitine and Lethicin Supplements
170,Treating Breast Pain with Flax Seeds
171,Treating Breast Pain With Diet
172,Tarragon Toxicity?
173,Nutmeg Toxicity
174,Cinnamon for Diabetes
175,Diet and Cellulite
176,Industry Influence on Our Dietary Guidelines
177,Flax and Breast Cancer Survival
178,Flax and Breast Cancer Prevention 
179,Treating Sensitive Skin From the Inside Out
180,Flaxseeds for Diabetes
181,Flaxseeds for Prostate Cancer
182,Why Is Selling Salmonella-Tainted Chicken Legal?
184,Raisins vs. Energy Gels for Athletic Performance
185,The Best Nutrition Bar
186,Best Treatment for Constipation
187,Best Dried Fruit For Cholesterol
188,"Eggs, Cigarettes, and Atherosclerosis"
189,Rooibos & Nettle Tea
190,Hibiscus Tea: The Best Beverage?
191,Treating Parkinson’s Disease With Diet
192,Avoiding Dairy to Prevent Parkinson's
193,The Science on Acai Berries
194,NutritionFacts.org Video Hits a Million Views
195,Why are Children Starting Puberty Earlier?
196,Should We Avoid Titanium Dioxide?
197,The Best Way to Prevent the Common Cold?
198,Which Pets Improve Children’s Health?
199,"Vitamin D from Mushrooms, Sun, or Supplements?"
200,Is Coconut Oil Bad For You?
201,Do Vegans Get More Cavities?
202,Head Shrinking from Grilling Meat
203,Broccoli Boosts Liver Detox Enzymes
204,Dr. Greger's New Year-in-Review Presentation
206,Foods That May Block Cancer Formation
207,Avoiding Cooked Meat Carcinogens
208,Estrogenic Chemicals in Meat
209,Plant-Based Diets for Fibromyalgia
210,Apple Peels Turn On Anticancer Genes
211,Uric Acid From Meat and Sugar
212,Go Nuts for Breast Cancer Prevention
213,Prevent Breast Cancer by Any Greens Necessary
214,Why Less Breast Cancer in Asia?
215,Mushrooms For Breast Cancer Prevention
216,Plant-Based Diets for Metabolic Syndrome
217,Plant-Based Diets for Psoriasis
218,Dr. Greger's Natural Nausea Remedy Recipe
219,Plant-Based Diets for Multiple Sclerosis
220,Plant-Based Diets for Rheumatoid Arthritis
221,How Tumors Use Meat to Grow
222,How to Gain Weight on Diet Soda
223,"Is There a Safe, Low-Calorie Sweetener?"
224,Are Microgreens Healthier?
225,Aspartame: Fibromyalgia & Preterm Birth
226,Bugs & Drugs in Pork: Yersinia and Ractopamine
227,Increasing Muscle Strength with Fenugreek
228,The Anti-Wrinkle Diet
229,Treadmill Desks: Stand Up For Health
231,Gerson Therapy for Cancer?
232,Are Bioidentical Hormones Safe?
233,Ergothioneine: A New Vitamin?
234,How To Reduce Dietary Antibiotic Intake
235,Countering Dietary Pollutants & Pesticides
236,Protecting Our Babies From Pollutants
237,Pollutants in Californian Breast Tissue
238,How Chemically Contaminated Are We?
239,Saffron vs. Prozac for Depression
240,Treating PMS with Saffron
241,Eating Green to Prevent Cancer
242,What Is the Healthiest Meat?
243,Lead Poisoning Risk From Venison
244,The Real Paleo Diet
245,How Much Soy Is Too Much?
246,Vegan Men: More Testosterone But Less Cancer
247,How Do Plant-Based Diets Fight Cancer?
248,Treating an Enlarged Prostate With Diet
249,Cancer-Proofing Your Body
250,Plant-Based Workplace Intervention
251,Biblical Daniel Fast Tested
252,Poultry Paunch: Meat & Weight Gain
253,Diet vs. Exercise: What’s More Important?
254,The Ice Diet
255,Boosting Gut Flora Without Probiotics
257,Burning Fat With Flavonoids 
258,Nuts Don't Cause Expected Weight Gain
259,Optimal Phytosterol Dose and Source
260,Cholesterol Lowering in a Nut Shell
261,The True Shelf Life of Cooking Oils
262,Ractopamine and Yersinia in U.S. Pork
264,How To Boost Serotonin Naturally
265,Magnesium-Rich Foods to Prevent Sudden Death
266,How to Enhance Mineral Absorption
267,Eating To Extend Our Lifespan
268,Kiwi Fruit for Irritable Bowel Syndrome
269,Preventing and Treating Kidney Failure With Diet
270,Is Caffeinated Tea Really Dehydrating?
271,How Much Arsenic In Rice Came From Chickens?
272,How Does Meat Cause Inflammation?
273,Treating Crohn’s Disease With Diet
274,Antioxidants in a Pinch: Dried Herbs and Spices
275,The Most Anti-Inflammatory Mushroom
276,Why is it Legal to Sell Unsafe Meat?
277,Health Food Store Advice: Often Worthless or Worst
278,Adding FDA-Approved Viruses to Meat
279,Latest in Clinical Nutrition Volume 10 Now on DVD
280,Mercury Testing Recommended Before Pregnancy
281,Preserving Vision Through Diet
282,Skim Milk and Acne
284,Do Eden Beans Have Too Much Iodine?
285,Fighting Inflammation With Food Synergy
286,"Cow’s Milk Casomorphin, Crib Death, and Autism"
287,Treating COPD With Diet
288,Watermelon For Erectile Dysfunction
289,Poultry and Penis Cancer
290,Coffee Caveats
291,Stool Size and Breast Cancer Risk
292,Breast Cancer Survival and Soy
293,Mad Cow California: Is the Milk Supply Safe?
294,Breast Cancer Stem Cells vs. Broccoli
295,The Best Detox
296,Using Greens to Improve Athletic Performance
300,Paula Deen: diabetes drug spokesperson 
301,"Amla: Indian gooseberries vs. cancer, diabetes, and cholesterol "
303,Hibiscus tea: flower power
304,"EPA dioxin limit has National Chicken Council worried products could be declared ""unfit for consumption"""
307,Vitamin D: Shedding some light on the new recommendations
308,Beans and Gas: Clearing the air 
309,Alzheimer’s Disease: Up to half of cases potentially preventable
310,Nutrition Education in Medicine: a Doctor a Day Keeps the Apples Away 
312,The Best Foods: test your nutrition knowledge
313,Supreme Court case: meat industry sues to keep downed animals in food supply 
314,Foie gras ban in California: human health implications 
316,Heart disease: there is a cure
317,"Inflammation, Diet, and ""Vitamin S"""
319,Bowel movements: the scoop on poop
320,Breast Cancer and Diet
321,NutritionFacts.org: the first month
323,Eating chicken may lead to a smaller penis 
324,How much pus is there in milk? 
325,Natural Alzheimer's Treatment 
327,Physician-assisted suicide? When doctors give nutrition advice
328,Bad Egg
329,Soy and breast cancer: an update
330,Soymilk: shake it up!
331,How to live longer in four easy steps
332,Can antioxidant-rich spices counteract the effects of a high-fat meal?
333,The Last Heart Attack: Perfect timing for the launch of NutritionFacts.org
335,Welcome to NutritionFacts.org!
336,Hives from Tick Bite-Induced Meat Allergies
337,How a Tick Bite Can Lead to Food Allergies
338,What Do Eggs Do To Our Arteries?
339,Dietary Cholesterol Affects Blood Cholesterol Levels
340,Do Walnuts Really Improve Artery Function?
341,Salmon May Be the Greatest Source of Dietary Pollutants
343,Three Brands of Nutritional Yeast Contain Detectable Lead Levels But the Risk is Minimal
344,Dioxins Stored in Our Own Fat May Increase Diabetes Risk
345,Why Would Eating Fish Increase Diabetes Risk?
346,What does the research say about dietary interventions on women with PCOS?
347,Do algae-based omega-3 supplements contain beta-N-methylamino-L-alanine (BMAA) that has been found in blue-green algae?
348,What are some ways to help reduce the risk of food poisoning from pesticides?
349,Should I stay away from soy if I have breast cancer?
350,Should we take iodine supplements?
351,Have you seen the very recent web blitz on heavy metals (particularly thallium) in cruciferous vegetables (particularly kale)...?
356,Boric acid for vaginal yeast infections?
357,Can diet be used to treat kidney cancer?
358,Didn't another study show carnitine was good for the heart?
360,Might too many antioxidants cause cancer?
361,Which foods have the most potassium?
364,"Nutrition recommendations for acid reflux (GERD), heartburn, and Barrett's Esophagus?"
365,"What do you drink, Dr. Greger?"
366,Can you take hydrogen peroxide internally?
367,What is the best way to get vitamin B12?
368,Are green smoothies better for you?
369,Might flax seeds (ALA) increase prostate cancer risk?
370,Do microgreens have more nutrition?
371,Any update on the scary in vitro avocado data?
372,"What are ""normal"" human vitamin D levels?"
373,What do you think of durian fruit?
374,Are neurotoxins only present in blue-green algae?
375,Nutrition advice to counter the side-effects of glaucoma medications?
376,What are the benefits of reishi mushrooms (Ganoderma lucidum)?
377,"What about gurmar, jamun, bitter melon, and fenugreek?"
378,Is yerba maté tea really bad for you?
379,How did you do the mercury fillings and canned tuna calculation?
382,Is vanilla almond milk healthy?
383,What do you think of Dr. Jenkins' take on paleolithic diets?
385,What's the best diet for atrial fibrillation?
386,My skin is turning orange (carotenoderma)--too many carrots?
388,Does caffeine impair endothelial function in our arteries?
389,What about the oxalic acid in beets?
390,Is hempseed oil beneficial to adults with eczema?
391,What is the healthiest potato?
392,Should we avoid celery to prevent colon cancer?
393,Should we avoid canned tomatoes and non-organic root vegetables?
394,Should we take algae supplements for astaxanthin?
395,What about pepper plus turmeric in V8 juice?
396,How much cinnamon is too much?
397,Sulfite sensitivity from sulphur dioxide in dried fruits?
400,Can tea with meals hinder iron absorption?
401,What are the best sources of vitamin K?
402,"Any resources for vegan pregnancy, infancy, and childhood?"
403,Dairy and ear infections: is there an association?
404,Is moringa (Moringa oleifera) good for you?
405,Is raw milk healthy?
406,Can hibiscus tea cause coughing?
407,Is annatto food coloring safe?
408,What about the INTERHEART study on heart attack risk factors?
409,Is the new vitamin D3 spray a waste of money?
410,Can Indian gooseberries (amla) be cooked without losing the health benefits?
411,How can I preserve the anti-cancer effects of cooked garlic?
412,Given the “brain-eating amoeba” (Naegleria fowleri) in tap water should I sterilize my neti pot water?
413,Does adding baking soda to soaking beans reduce gas?
414,How much fruit is safe to consume?
416,Are GMOs safe and are the nutrients in our crops declining?
417,Does wild rice contain the same levels of arsenic as brown rice?
418,Fresh fruit versus frozen--which is better?
419,What's the best low calorie sweetener?
420,Can Vitamin D supplements help prevent respiratory infections?
421,Second opinion for 8-year-old with anemia?
422,What about getting gas from beans?
423,What is a good source of probiotics?
425,Soy-based (Gardein) vs. mycoprotein-based (Quorn) veggie chicken: which is better?
426,How can I avoid the top 10 leading causes of death?
427,Where does the fat come from in a skinless chicken breast?
428,"In making water alkaline, how much baking soda is too much?"
430,Are krill oil supplements better than fish oil capsules?
431,What is the recommended child requirement for vitamin D?
432,"What is the definition of a ""handful"" serving of nuts?"
433,Could a low-salt diet be bad for your heart?
434,How do you explain never getting Salmonella from eating raw cake batter?
435,What about Semmelweis and medicine's shameful handwashing history?
436,How can we reach out to doctors with this life-saving information?
437,What are the benefits of diet in juvenile rheumatoid arthritis?
438,What is the best diet for kidney stone prevention?
440,What's the right dose of saffron?
441,Is apple cider vinegar good for you?
443,Is the plastic chemical BPA really harmful to your health?
444,Do pine needles from a Douglas Fir or redwood provide a good source of antioxidants?
446,Is titanium dioxide in Daiya cheese harmful as a food additive?
448,"What's the best source of those dates you like? (halawi, bahri, khadrawi)"
450,Are there benefits to drinking aloe vera juice?
453,Are homegrown alfalfa sprouts safe?
454,Is licorice tea also harmful?
455,Can soy suppress thyroid function?
456,Is multivitamin use really associated to an increased risk of breast cancer?
457,How can you believe in any scientific study?
459,Are the nutrients from blended vegetables absorbed better than raw vegetables?
460,What about the pollutants like phthalates in plant foods?
461,Can hot peppers (capsaicin) cause cancer?
462,Is cabbage effective against breast cancer?
463,Is thermography better than mammograms for early breast cancer detection?
464,Does “organic” chicken contain less arsenic?
465,Are there any risks of excess vitamin B12 consumption?
466,How do you achieve a good omega 3 to omega 6 fatty acid ratio?
467,"Isn't regular cocoa powder healthier than alkali-processed ""dutched"" cocoa?"
468,Is vitamin D3 (cholecalciferol) preferable to D2 (ergocalciferol)?
469,Are free-range eggs healthier than conventional eggs?
470,5-alpha pregnanedione
471,A/V ratio
472,abdominal aortic aneurysm
473,abdominal fat
474,abdominal pain
475,Academy of Nutrition and Dietetics
476,acaí berries
477,acarbose
478,accidents
479,acesulfame K
480,acetaldehyde
481,acetaminophen
482,acid/base balance
483,acne
484,acromegaly
485,acrylamide
486,acute myeloid leukemia
487,addiction
488,adenovirus 36
489,ADHD
490,adipocytes
491,adiponectin
492,adolescence
493,Advanced Glycation End-products
495,Adventist Health Studies
496,affordability
497,Africa
498,African Americans
499,African-American
500,agaritine
501,agave nectar
502,Agent Orange
503,aggression
504,aging
505,Ah receptor
506,AIDS
507,air pollution
508,air travel
510,airport scanners
511,Albert Einstein
512,albumin
513,alcohol
514,alfalfa sprouts
515,algae
516,alkaline diet
517,alkaline water
518,alkylphenols
519,allergies
520,Alli
521,allopurinol
523,almond milk
524,almond oil
525,almonds
526,aloe vera
527,alpha waves
528,alpha-carotene
529,alpha-gal
530,ALS
531,alternative medicine
532,aluminum
533,Alzheimer’s disease
534,AMA
535,amalgam fillings
536,amaranth
537,American Academy of Pediatrics
538,American Cancer Society
539,American College of Cardiology
540,American College of Lifestyle Medicine
541,American Dental Association
542,American Diabetes Association
543,American Dietetic Association
544,American Egg Board
545,American Heart Association
546,American Institute for Cancer Research
547,American Meat Institute
548,American Public Health Association
549,amla
550,ammonia
551,amnesia
552,amphetamines
553,amputations
554,amylase
555,anal fissure
556,anal health
557,Ancel Keys
558,anchovies
559,anemia
560,anesthesia
561,aneurysm
562,Angelina Jolie
563,angina
564,angiogenesis
565,angiogram
566,angiography
567,animal fat
568,animal products
569,animal protein
570,animal studies
571,anisakis
572,anise
573,ankylosing spondylitis
576,antacids
577,Antarctica
578,anthocyanins
579,antiangiogenesis
580,antibiotics
581,antidepressants
582,antihistamines
583,antinutrients
584,antioxidants
585,antiperspirant
586,antiseptic
587,anxiety
588,aorta
589,aortic aneurysm
590,apes
591,aphthous ulcers
592,apigen
593,apnea
594,appendicitis
595,apple juice
596,Applebee's
597,apples
598,apricots
599,arachidonic acid
600,areca nuts
601,arginine
602,Aricept
603,Arkansas
604,aromatase
605,aromatherapy
606,arsenic
607,arthritis
608,artichokes
609,artificial colors
610,artificial flavors
611,artificial sweeteners
612,asbestos
613,ascorbic acid
614,Asia
615,Asian markets
616,asparagus
617,aspartame
618,aspirin
619,asthma
620,astrocytes
621,athletes
622,Ativan
623,Atkins diet
624,ATP
625,atrial fibrillation
626,attention deficit
628,Australia
629,autism
630,autoimmune diseases
631,autophagy
632,avian leukosis/sarcoma virus
633,avocado oil
634,avocados
635,Ayurvedic medicine
636,azarcon
637,b12
639,back pain
640,bacon
641,bacterial vaginosis
642,bacteriophages
643,Bacteroidetes
644,bad breath
645,bagels
646,baked beans
647,baking
648,baking soda
649,bamboo shoots
650,bananas
651,barbecuing
653,bargains
655,barley
656,Barrett's esophagus
660,beans
661,beef
662,beef brains
663,beer
664,beet greens
665,beet juice
667,beets
668,beeturia
669,Belgium
670,bell peppers
671,benzene
672,benzodiazepines
673,bergamots
674,bergamottin
675,beriberi
676,berries
677,beta carotene
678,beta glucan
679,beta waves
680,beta-carboline alkaloids
681,betel nuts
682,beverages
683,BHA
684,bibhitaki fruit
685,biblical teachings
686,Big Mac
687,bile acids
688,Bill Gates
689,billberries
690,bio identical hormones
691,bioavailability
692,biogenic amines
693,biomagnification
694,biomarkers
695,bipolar disorder
696,birth control pills
697,birth defects
698,Biscuit Cake Chocolate and Confectionery Association
699,bison
700,black beans
701,black raspberries
702,black tea
703,blackberries
704,bladder cancer
705,bladder disease
706,bladder health
707,bladder infections
708,blindness
709,bloating
710,blood cancer
711,blood clots
712,blood donation
713,blood pressure
714,blood sugar
715,blood thinning
716,blood type diet
717,blood-letting
718,blue-green algae
719,blueberries
720,bluefish
721,BMAA
722,body building
723,body fat
724,body odor
725,boiling
726,bok choy
727,bokhoor
728,bolete mushroom
729,bologna
730,bone cancer
731,bone fractures
732,bone health
733,bone marrow health
734,bone mineral density
735,boron
736,Boston
737,botulism
738,bovine leukemia virus
739,bowel movements
740,BPA
741,BPH
742,Bragg Liquid Aminos
743,brain disease
744,brain health
745,brain parasites
746,brain surgery
747,brain tumors
748,brain waves
749,brains
750,brazil nuts
751,BRCA genes
752,bread
753,breakfast
754,breakfast cereal
755,breast cancer
756,breast cancer survival
757,breast development
758,breast disease
759,breast health
760,breast milk
761,breast pain
762,breastfeeding
763,Brenda Davis
764,brewer's yeast
765,bristle cone pine
766,broad beans
767,broccoli
768,broccoli raab
769,broccoli sprouts
770,Broccomax
771,bronchiolitis obliterans
773,brown rice syrup
774,brown sugar
775,Brussels sprouts
776,BT corn
777,buckwheat
778,Buddhists
779,Burger King
780,burgers
781,burritos
782,Bush administration
783,butcher's warts
784,butter
785,butter flavor
786,buttermilk
787,butternut squash
788,butyrate
789,C-reactive protein
790,C. diff
791,cabbage
792,cadaverine
793,cadavers
795,cadmium
796,caesarean section
797,caffeine
798,cake
799,calcium
801,California
802,California Dried Plum Board
805,California Raison Marketing Board
806,caloric restriction
807,calories
809,Camplyobacter
810,Campylobacter
811,Canada
812,cancer
813,cancer stem cells
814,cancer survival
815,cancer viruses
816,candy
817,canker sores
818,Cannabis
819,cannibalism
820,canola
821,cans
822,cantaloupe
823,canthaxanthines
824,capsaicin
825,caramel color
826,carboxy-methyl cellulose
827,carcinogens
828,cardamom
829,cardiac disease
830,cardiac health
831,cardiovascular disease
832,cardiovascular health
833,carnitine
834,carnitine palmitoyl transferase
836,carob
837,carotid arteries
838,carrageenan
839,carrots
840,cartilage health
841,casein
842,cashews
843,casomorphin
844,CAT scan
845,cataracts
847,catfish
848,cats
850,cauliflower
851,cavities
852,Cayenne pepper
853,CDC
854,celery
855,celery root
856,celiac disease
857,cell death
858,cell phones
859,cellulite
860,Center for Food Safety
861,Center for Science in the Public Interest
863,ceramide
864,cervical cancer
865,cervix health
866,cesium
867,cetuximab
868,chai tea
870,chamomile tea
871,champagne grapes
872,chanterelle mushrooms
873,Cheerios
874,cheese
875,cheese effect
876,cheese fly
877,cheese itch
878,cheese mites
879,cheese puffs
880,chemical sensitivities
881,chemotherapy
882,Chernobyl
883,cherries
884,chervil
885,chestnuts
886,chewing
887,chewing gum
888,chia seeds
889,Chick-fil-A
890,chicken
891,chicken embryo lethal orphan virus
892,chickpeas
893,children
894,chili peppers
895,Chili's
896,China
897,China Study
898,Chinese food
899,chlorella
900,chlorhexidine
901,chlorination
902,chlorophyll
903,chocolate
905,cholera
906,cholesterol
907,choline
908,Chomorro
909,chronic diseases
910,chronic fatigue syndrome
911,ciguatera
912,cilantro
913,cinnamon
914,cirrhosis
915,citric acid
916,citrulline
917,citrus
918,clams
920,Cleveland Clinic
921,cloves
922,cluster headaches
923,Coca-Cola
924,cocaine
925,Cochrane Collaboration
926,cocoa
927,cocoa butter
928,coconut milk
929,coconut oil
930,coconut water
931,coconuts
932,cod
933,cod liver oil
934,coffee
935,cognition
936,cola
937,colchicine
938,cold hands
940,colibacillosis
941,collard greens
942,colon cancer
943,colon disease
945,colon health
946,coma
947,common cold
948,complementary medicine
949,computer eye strain
950,Concord grapes
951,constipation
952,Consumers Union
953,contagious pustular dermatitis
954,convenience
955,cookies
956,cooking methods
957,cooking temperature
958,COPD
959,copper
960,coriander
961,corn
962,corn oil
963,Corn Refiners Association
964,corn syrup
965,Cornell
966,cortisol
967,cosmic rays
968,cost savings
969,cough
970,coumarin
971,cranberries
972,cranberry juice
973,cream
975,creatine
976,cretinism
977,crib death
978,crimini mushrooms
979,Crisco
980,Crohn's disease
981,crowberries
982,cruciferous vegetables
983,cryptoxanthin
984,CSPI
985,CT scan
986,cucumbers
987,cumin
988,cupcakes
989,curcumin
990,currants
991,curry powder
992,cyanopsia
993,cyclamate
994,cycling
995,cysticercosis
996,cytoskeleton
997,Czechoslovakia
998,dairy
999,dandelion
1000,Daniel Fast
1002,dark chocolate
1003,dark meat
1004,DASH diet
1005,date sugar
1006,dates
1007,DDT
1008,deafness
1009,dehydration
1010,deli meat
1011,deli meats
1012,delta waves
1013,dementia
1014,Denmark
1015,dental health
1016,depression
1017,detoxification
1018,DHA
1019,DHEA
1020,Diabeta
1021,diabetes
1022,diacetyl
1023,diacylglycerol
1024,dialysis
1025,diarrhea
1026,dieldrin
1027,dietary guidelines
1028,dietary scoring
1029,digoxin
1030,dioxin
1031,dioxins
1032,dishwashing detergent
1033,diverticulitis
1034,diverticulosis
1035,dizziness
1036,DNA damage
1038,dogs
1039,domoic acid
1040,dopamine
1041,douching
1042,doughnuts
1043,Dow Chemical
1045,Dr. Benjamin Feingold
1046,Dr. Benjamin Spock
1047,Dr. Caldwell Esselstyn
1048,Dr. David Jenkins
1049,Dr. David Spence
1050,Dr. Dean Ornish
1051,Dr. Denis Burkitt
1055,Dr. Joel Fuhrman
1057,Dr. John Harvey Kellogg
1058,Dr. John McDougall
1059,Dr. Neal Barnard
1061,Dr. Richard Fleming
1062,Dr. Roy Swank
1064,Dr. T. Colin Campbell
1065,Dr. Walter Kempner
1066,Dr. Walter Willett
1067,Dr. William Clifford Roberts
1068,Dr. William Roberts
1070,dragon's blood
1071,dressings
1072,dried fruit
1073,drug residues
1074,drug stores
1075,drug testing
1077,dulse
1078,Duncan Hines
1079,Dutched cocoa
1080,dwarfism
1081,dyspepsia
1082,E. coli
1083,E. coli o157:H7
1084,ear health
1085,ear infections
1086,Earl Grey tea
1087,Easter Island
1088,ECMO
1089,Eco-Atkins diet
1090,ecstasy
1091,eczema
1092,edamame
1093,Eden Foods
1094,EEG
1095,Egg Farmers of Canada
1096,Egg McMuffin
1097,Eggbeaters
1098,eggnog
1099,eggplant
1100,eggs
1101,elderly
1102,electroconvulsive therapy
1103,elephant garlic
1104,ellagic acid
1105,emphysema
1106,empty calories
1108,endocannabinoids
1109,endocrine disruptors
1110,endometrial cancer
1111,endometrial health
1112,endometriosis
1113,endorphins
1114,endothelium
1115,endotoxemia
1116,endurance
1117,enemas
1118,energy
1119,energy drinks
1120,energy gels
1121,enoki mushrooms
1123,enzymes
1124,eosinophilia–myalgia syndrome
1125,EPA
1126,EPIC Study
1127,epigenetic changes
1128,epilepsy
1129,erectile dysfunction
1130,ergothioneine
1131,erythritol
1132,esophageal cancer
1133,esophagus
1134,esophagus health
1136,essential tremor
1137,estrogen
1138,ethnicity
1139,Europe
1140,European Food Safety Authority
1141,Evidence-based medicine
1142,evolution
1143,exercise
1144,exotic fruit
1145,ExPEC
1146,Exponent Inc.
1147,extracorporeal membranous oxygenation
1148,eye disease
1149,eye health
1150,eye parasites
1151,factory farming practices
1152,fake meat
1153,fall risk
1154,farm animals
1155,Farm Bill
1156,farmers
1157,fast food
1158,fat
1159,fatigue
1160,fatty liver disease
1161,fava beans
1162,FDA
1163,feather meal
1164,fecal bacteria
1165,fecal contamination
1166,fecal continence
1167,fecal transplant
1169,feed additives
1170,feline leukemia virus
1171,fennel
1172,fenugreek
1173,fermented foods
1174,fertility
1175,fever
1176,fiber
1177,fibrocystic breast disease
1178,fibroids
1179,fibromyalgia
1180,fiddlehead ferns
1181,figs
1183,Finland
1184,Firmicutes
1185,fish
1186,fish oil
1187,fish sauce
1188,fisitin
1189,flame-retardant chemicals
1190,flatulence
1191,flavonoids
1192,flavonols
1193,flax oil
1194,flax seeds
1195,flesh-eating bacteria
1196,flexitarians
1197,Flomax
1198,flowers
1199,fluoride
1200,flying foxes
1201,FODMAPs
1202,folate
1203,folic acid
1204,food additives
1205,food dyes
1206,food poisoning
1207,food recalls
1208,food sensitivities
1210,foodborne illness
1211,foreign body
1212,Forks Over Knives
1213,formaldehyde
1214,Fosamax
1216,foxglove
1217,fragrance
1218,Framingham Heart Study
1219,France
1220,Freedom of Information Act
1221,french fries
1222,Froot Loops
1223,frozen fruit
1224,fructans
1225,fructose
1226,fruit
1227,fruit and vegetable wash
1228,fruit juice
1229,frying
1230,FTC
1232,Fukushima
1233,fungicides
1234,gala apples
1235,galactose
1236,galactosemia
1237,gallbladder disease
1238,gallbladder health
1239,gallstones
1240,gangrene
1241,garbanzo beans
1242,gargling
1243,garlic
1244,gastric bypass
1245,gastric emptying
1249,genetic manipulation
1250,genital health
1251,genital warts
1254,Germany
1255,Gerson Therapy
1256,gestational diabetes
1257,giantism
1258,ginger
1260,gingerols
1261,glaucoma
1262,Global Burden of Disease Study
1264,gluten
1265,glyburide
1266,glycemic index
1267,glycoalkaloids
1268,glyconutrients
1269,glycotoxins
1270,glyphosate
1271,GMO
1273,goiter
1275,goji berries
1276,gold dust retinopathy
1278,golden raisins
1279,gooseberries
1281,gout
1282,grains
1284,grape juice
1285,grape seed oil
1286,grapefruit
1287,grapefruit juice
1288,grapes
1289,Grave’s disease
1290,gravy
1291,Great Lakes
1292,Greece
1293,green beans
1295,green tea
1296,greens
1297,greta
1298,grilling
1299,growth promoters
1300,guacamole
1301,guava
1302,Guillain-Barré syndrome
1303,gum arabic
1304,gut flora
1305,gynecomastia
1306,Häagen-Dazs
1307,hair health
1308,hair loss
1309,halibut
1310,halitosis
1312,ham
1313,hamburgers
1314,hand washing
1315,happiness
1316,haritaki fruit
1317,Harmane
1318,Harvard
1319,Harvard Nurses' Health Study
1320,Harvard Physicians’ Study II
1322,hawthorn
1323,hay fever
1324,hazelnut oil
1325,hazelnuts
1326,HDL cholesterol
1327,head lice
1328,head trauma
1329,headaches
1330,health food stores
1331,hearing
1332,heart disease
1333,heart diseases
1334,heart failure
1335,heart health
1336,heart rate variability
1337,heartbeat
1339,heavy metals
1340,Hegsted Equation
1341,HeLa cells
1342,heme iron
1343,hemlock
1345,hemorrhoids
1346,hepatitis
1347,hepatitis E
1348,hepatotoxins
1349,herbal remedies
1350,herbal tea
1351,Herbalife
1352,herbs
1353,hernia
1354,herring
1355,Hershey's
1356,hesperidin
1357,heterocyclic amines
1358,hexachlorobenzene
1359,hiatal hernia
1360,hibiscus tea
1361,high fructose corn syrup
1362,hijiki
1363,Hiroshima
1364,histones
1365,hives
1366,holotranscobalamin
1367,holy basil tea
1368,homeopathy
1369,homocysteine
1370,honey
1371,honeybush tea
1373,hormesis
1374,hormonal dysfunction
1375,hormones
1376,horsemeat
1377,hot dogs
1378,hot flashes
1381,human papilloma virus
1382,Huntington’s disease
1383,hydrogen sulfide
1384,hydrogenated fats
1386,Hydroxycut
1387,hyperactivity
1388,hyperpigmentation
1389,hypertension
1390,hypospadias
1391,hysterectomy
1392,iatrogenic
1393,Ibuprofen
1394,ice cream
1395,ice diet
1397,IgA
1398,IGF-1
1399,immune function
1400,immunosuppressive drugs
1401,impotence
1402,in vitro studies
1403,incontinence
1404,India
1405,indigestion
1407,Indonesia
1408,industrial pollutants
1409,industrial toxins
1410,industry influence
1411,infant formula
1412,infants
1413,infertility
1414,inflammation
1415,inflammatory bowel disease
1416,informed consent
1417,inner ear cancer
1418,insecticides
1419,insects
1420,insomnia
1421,Institute of Medicine
1422,insulin
1423,intelligence
1424,INTERHEART study
1425,interleukin-1
1426,internal bleeding
1427,intestinal health
1428,iodine
1429,Iowa Women’s Health Study
1430,ipecac
1431,IQ4 5b
1432,Ireland
1434,iron
1435,irritable bowel syndrome
1436,isoflavones
1437,Israel
1438,Jack Norris
1440,jam
1441,Japan
1442,jasmine tea
1443,jaundice
1445,jelly beans
1446,Jerusalem artichokes
1447,Johns Hopkins University
1448,joint disease
1449,joint health
1450,Judaism
1451,juice
1453,junk food
1454,Kaiser Permanente
1455,kale
1456,kangaroo meat
1457,Kaposi’s sarcoma
1458,kelp
1459,keriorrhea
1460,ketogenic agent AC-1202
1461,KFC
1462,kidney
1463,kidney beans
1464,kidney cancer
1465,kidney disease
1466,kidney failure
1467,kidney function
1468,kidney health
1469,kidney stones
1470,kimchi
1471,kingdom
1472,kiwi fruit
1473,kohlrabi
1474,kombu
1475,kombucha tea
1476,Korea
1477,Kraft
1478,Kuna Indians
1479,lactation
1481,lactic acid
1482,lactose
1484,lamb
1485,lard
1486,Laron syndrome
1487,lasers
1489,lauric acid
1490,lavender
1491,laxatives
1492,LDL cholesterol
1493,lead
1494,leaky gut theory
1495,lecithin
1496,leeks
1497,legumes
1498,lemon verbena
1499,lemonbalm
1500,lemongrass
1501,lemons
1502,lentil effect
1503,lentils
1504,leptin
1505,lettuce
1506,leucine
1507,leukemia
1508,lichen planus
1509,licorice
1510,lifespan
1511,Lifestyle medicine
1512,lignans
1513,lima beans
1514,limes
1515,limonin
1516,Lindane
1517,Linguatula serrate
1518,Lipitor
1519,liposuction
1520,lipotoxicity
1521,lipotoxicty
1523,liquid smoke
1524,Listeria
1525,liver
1526,liver cancer
1527,liver disease
1528,liver failure
1529,liver health
1530,liver inflammation
1531,Loma Linda University
1532,Long Island
1533,longevity
1534,Lou Gehrig's disease
1535,Louis Pasteur
1536,lovastatin
1537,low-carb diets
1538,low-fat diets
1539,lower back pain
1540,lox
1541,lung cancer
1542,lung disease
1543,lung health
1544,lutein
1545,luteolin
1546,lycopene
1547,lyme disease
1548,lymphoma
1549,Lyon Diet Heart Study
1550,M&M's
1551,macadamia nuts
1552,macadamia oil
1553,mackerel
1554,macular degeneration
1555,mad cow disease
1556,maggots
1557,magnesium
1558,Maimonides
1560,malaria
1561,Malaysia
1562,maltodextrin
1563,manganese
1564,mango
1565,mangosteen
1566,manure
1567,MAO Inhibitors
1568,maple syrup
1569,maraschino cherry
1570,Marek's disease virus
1571,margarine
1572,Marion Nestle
1574,marketing
1575,marshmallows
1576,massage
1577,mastalgia
1578,mastectomy
1579,mastitis
1580,matcha
1581,maté
1582,Mayo Clinic
1583,McDonald’s
1585,meat
1586,meat analogs
1587,meat glue
1588,Meatless Mondays
1589,medical education
1590,medical ethics
1591,medical profession
1592,Medicare
1594,medications
1595,meditation
1596,Mediterranean diet
1597,medium-chain fatty acids
1598,melanoma
1599,melatonin
1600,MelQx
1601,memory
1602,men's health
1603,menarche
1604,Meningioma
1605,menopause
1606,menstruation
1607,mental health
1608,mercury
1609,mesclun mix
1610,mesothelioma
1611,mesquite
1612,meta-analysis
1613,metabolic syndrome
1614,Metabolife
1615,metabolism
1616,Metamucil
1617,metastases
1618,metastatic calcification
1619,methionine
1620,methylmalonic acid
1621,Mevacor
1623,Mexico
1624,MGUS
1628,microbiome
1629,microcephaly
1630,microcystins
1631,Micronase
1632,microwaving
1633,migraine headaches
1634,migraines
1635,milk
1636,milk chocolate
1637,millet
1638,mineral clay
1639,mint
1640,Mioscene
1641,miscarriage
1642,miso
1643,MIT
1644,mitochondria
1645,molasses
1646,mold
1647,monkfish
1648,monounsaturated fats
1649,Monsanto
1650,mood
1651,moose meat
1652,morbidity
1654,morphine
1655,mortality
1656,mouth cancer
1657,mouthwash
1659,MPTP
1660,MRSA
1661,MSG
1662,mucus
1663,multiple myeloma
1664,multiple sclerosis
1665,multivitamins
1666,muscle disease
1667,muscle health
1668,muscle inflammation
1669,muscle soreness
1670,muscle strength
1671,mushrooms
1673,mustard greens
1675,mustard powder
1676,mustard seeds
1677,mutation
1678,mycotoxins
1679,myelopathy
1681,myristic acid
1682,Nagasaki
1683,nail health
1684,nanoparticles
1685,naphthalene
1686,naproxen
1687,NASA
1688,nasal cavity cancer
1689,nasal irrigation
1690,National Academy of Sciences
1691,National Beef Cattleman’s Association
1692,National Cancer Institute
1693,National Cattlemen's Beef Association
1694,National Confectioners Association
1695,National Dairy Board
1696,National Dairy Council
1697,National Dairy Promotion Board
1698,National Pork Board
1699,National Pork Producers Council
1700,Native Americans
1701,natural toxins
1702,nausea
1703,navy beans
1704,necrotizing fasciitis
1705,Nepal
1706,nerve health
1707,Netherlands
1708,neti pot
1709,Neu5Gc
1710,neurocysticercosis
1711,neuropathy
1712,neurotoxins
1714,New Orleans
1715,New York City
1716,New York Coalition for Healthy School Food
1717,New Zealand
1718,nicotine
1719,Nigeria
1720,nightshades
1721,NIH-AARP study
1722,nitrate
1723,nitric oxide
1724,nitrite
1725,nitroglycerin
1726,nitrosamines
1727,non-Hodgkin lymphoma
1728,nonalcoholic fatty liver disease
1729,noni fruit
1730,nori
1731,norovirus
1732,Norway
1733,Nuremburg Code
1734,nutmeg
1735,Nutrasweet
1736,nutrient absorption
1737,nutrient density
1738,nutrient synergy
1739,nutrition myths
1740,nutritional yeast
1741,nuts
1742,oatmeal
1743,oats
1744,Obama
1745,obesity
1746,obesogens
1747,occupational health
1748,octopus
1749,offal
1750,oils
1752,okra
1753,olive oil
1754,olives
1755,omega-3 fatty acids
1756,omnivores
1757,onions
1758,oolong tea
1759,optimal diet
1760,oral cancer
1761,oral health
1762,oral intraepithelial neoplasia
1763,orange juice
1764,oranges
1765,oregano
1766,Oregon
1767,organ meats
1768,organic
1769,organic foods
1770,organic milk
1771,organochlorines
1772,organotins
1773,orgasm
1774,Orville Redenbacher
1776,osteoarthritis
1777,osteoporosis
1778,Outback Steakhouse
1779,ovarian cancer
1780,ovary health
1781,overeating
1783,oxalates
1784,oxen meat
1785,Oxford
1786,oxidative stress
1787,oyster mushrooms
1788,oysters
1789,paclitaxel
1790,paella
1791,pain
1792,paleolithic diets
1793,palmitic acid
1794,Panama
1795,pancakes
1796,pancreas health
1797,pancreatic cancer
1798,pancreatic enzymes
1799,pancreatitis
1801,papaya
1802,paralysis
1803,Paramide Plus
1804,parasites
1805,Parkinson's disease
1806,parkinsonism-dementia complex
1808,pasta
1809,pasteurization
1810,patent
1812,PBCs
1813,PBDEs
1814,PCBs
1815,PCOS
1816,peaches
1817,peanut butter
1818,peanuts
1819,pears
1820,peas
1821,pecans
1822,penicillin
1823,penile bone
1824,penis cancer
1825,penis health
1826,penis size
1827,Peoria
1828,pepper
1829,peppermint
1830,peppermint oil
1831,peppers
1832,Pepsi
1833,perfluorochemicals
1834,periodontal disease
1835,persin
1836,persistent organic pollutants
1837,pesticides
1838,petroleum jelly
1839,pets
1840,petunidin
1841,Pew Commission
1842,Pfizer
1843,pH
1844,pharmacists
1845,pheasants
1846,phenolics
1847,philippines
1848,Phillip Morris
1849,PhIP
1850,phosgene
1851,phosphate additives
1852,phosphorus
1853,phthalates
1854,physical attraction
1855,Physicians Committee for Responsible Medicine
1856,phytates
1857,phytic acid
1858,phytoestrogens
1859,phytonutrients
1860,phytosterols
1861,pickled vegetables
1862,pie
1863,pine needles
1864,pine nuts
1865,pineal gland
1866,pineapple juice
1867,pineapples
1868,pinto beans
1869,piperine
1870,pistachio principle
1871,pistachios
1872,pizza
1873,Pizza Hut
1874,placebo
1875,placebo effect
1876,plant protein
1877,plant-based diet
1878,plant-based diets
1879,plantains
1880,plasma membrane
1881,plastic
1882,platelets
1883,plums
1884,plutonium
1885,pneumonia
1886,pneumovax
1887,poisonous plants
1888,Poland
1889,polonium
1890,polycarbonate plastic
1891,polychlorinated naphthalenes
1892,polycyclic aromatic hydrocarbons
1893,polycyclic hydrocarbons
1894,polyethylene plastic
1895,polymyositis
1896,polyphenols
1897,polypropylene plastic
1898,polyps
1899,polyradiculoneuropathy
1900,Polysorbate 80
1901,pomegranate juice
1902,pomegranates
1904,popcorn
1905,popcorn lung
1906,poppy seeds
1907,porcine endogenous retroviruses
1909,pork
1910,pork brains
1911,pork rinds
1912,portobello mushrooms
1913,potassium
1914,potassium sorbate
1915,potato chips
1916,potatoes
1917,poultry
1918,poultry viruses
1919,poultry workers
1920,prebiotics
1921,Precose
1922,prediabetes
1923,PREDIMED
1924,pregnancy
1925,prehistoric diets
1926,Premarin
1927,premature puberty
1928,premenstrual syndrome
1929,prenatal vitamins
1930,preservatives
1931,pressure cooking
1932,pretzels
1933,prion disease
1934,Pritikin
1935,probiotics
1937,processed foods
1938,processed meat
1939,processed meats
1940,prolactin
1941,propionate
1942,Propulcid
1943,prostate cancer
1944,prostate health
1945,prostatectomy
1946,protein
1947,protein powder
1948,Proteus mirabilis
1949,Prozac
1950,prunes
1951,PSA
1952,pseudomembranous colitis
1954,psoriasis
1955,psychosis
1956,psyllium
1957,PTH
1958,puberty
1960,puffer fish
1961,pulmonary embolism
1962,pumpkin
1963,pumpkin seeds
1964,Purevia
1965,purines
1966,purple potatoes
1967,purslane
1968,pus
1969,putrescine
1970,QALY
1971,quercitin
1972,quinine
1973,quinoa
1974,Quorn
1975,rabbit meat
1976,rabies
1977,ractopamine
1978,radiation
1980,radishes
1981,raisins
1982,ranking foods
1983,rapamycin
1984,rash
1985,raspberries
1986,raw food
1987,Ray Cronice
1988,recipes
1989,rectal cancer
1992,red dye #3
1993,red meat
1994,red onions
1995,red tea
1996,red wine
1997,red yeast rice
2000,reindeer meat
2002,reproductive health
2003,respiratory infections
2004,restaurants
2005,resveratrol
2006,reticuloendotheliosis virus
2007,reversing chronic disease
2009,rhabdomyolysis
2010,rheumatoid arthritis
2011,rhubarb
2012,riboflavin
2013,rice
2014,rice bran
2015,rice bran oil
2016,Rice Diet
2017,rice milk
2018,Richard Dawkins
2019,rickets
2020,Ritalin
2021,roasting
2022,rooibos
2023,rooibos tea
2024,rose hips
2025,rosemary
2026,rosmarinic acid
2027,Roundup
2029,rutabagas
2030,Rutin
2031,rye
2032,saccharin
2033,safety limits
2034,safflower oil
2035,saffron
2036,salads
2037,salami
2038,salami brusher's disease
2039,saliva
2040,salmon
2041,Salmonella
2042,salsa
2043,salt
2044,Salt Institute
2045,sandwiches
2046,saoot
2048,sarcocystis
2049,sardines
2050,saturate fat
2051,saturated fat
2052,sauerkraut
2053,sausage
2054,scallions
2055,schizophrenia
2056,School Lunch Program
2057,sciatica
2058,scombroid poisoning
2059,scurvy
2060,sea vegetables
2061,seafood
2062,seafood workers
2063,seal oil
2064,second meal effect
2065,seeds
2066,seitan
2067,seizures
2068,selenium
2069,semen
2070,sense of smell
2071,serotonin
2072,sesame oil
2073,sesame seeds
2074,sexual dysfunction
2075,sexual health
2076,sexual selection
2077,sexual transmission
2078,shark cartilage
2079,shark oil
2080,sheep
2081,shelf life
2082,shiitake mushrooms
2084,shopping carts
2085,shortening
2086,shrimp
2087,side effects
2088,SIDS
2089,Singapore
2090,sinus health
2091,sinusitis
2092,sirtuins
2093,skim milk
2094,skin cancer
2095,skin health
2096,sleep
2097,sleeping pills
2098,Slovakia
2099,Slovenia
2100,Smithfield
2101,smoked foods
2102,smoking
2103,smoothies
2105,snail meat
2106,snake oil
2107,snake venom
2108,social anxiety disorder
2109,soda
2110,sodium
2111,sodium benzoate
2112,sodium bicarbonate
2113,soil health
2114,sorbitol
2115,sore throat
2116,soup
2117,South Africa
2119,soy
2120,soy milk
2121,soy sauce
2122,soybeans
2123,Spain
2124,spearmint
2125,speech impairment
2126,sperm counts
2127,spermine
2128,spices
2129,spicy food
2130,spillover effect
2131,spinach
2132,spinal cord health
2133,spirulina
2134,Splenda
2135,split peas
2136,spoilage
2137,sports drinks
2138,sports medicine
2139,sprouting
2140,sprouts
2141,squash
2142,squash seeds
2144,SSRI's
2145,St. John's wort
2146,standard American diet
2147,staph infection
2148,STARI
2149,statins
2151,steak
2152,steaming
2153,stearic acid
2154,stem cells
2155,steroids
2156,stevia
2158,stomach cancer
2159,stomach health
2160,stomach inflammation
2161,stomach ulcers
2162,stool size
2163,strawberries
2164,stress
2165,stress test
2166,stroke
2167,subsidies
2168,substance P
2169,sucralose
2170,sudden cardiac death
2171,sugar
2172,Sugar Association
2173,Sugar Twin
2174,suicide
2175,sulfites
2176,sulforaphane
2177,sulfur
2178,sulfur dioxide
2179,sunburn
2180,sunchokes
2181,sunflower seeds
2182,sunlight
2183,superbugs
2184,supermarkets
2185,superoxide dismutase
2186,supplements
2187,suppositories
2188,Supreme Court
2189,Surgeon General
2190,surgery
2191,sushi
2192,sustainability
2193,Sweden
2194,Sweet and Low
2195,Sweet One
2196,sweet potatoes
2197,sweeteners
2198,Swiss chard
2199,swordfish
2202,tahini
2203,Taiwan
2204,tamoxifen
2205,tamsulosin
2206,tangeretin
2207,tanning beds
2208,tapeworms
2209,taro
2210,tarragon
2211,tart cherries
2212,taste buds
2214,Taxol
2215,tea
2216,teff
2217,television
2218,telomerase
2219,telomeres
2220,tempeh
2221,testicular cancer
2222,testicular health
2223,testosterone
2224,tetrodotoxin
2225,Texas
2226,TGI Friday's
2227,thalidomide
2228,theanine
2229,thermogenics
2230,thiamine
2231,thimerosal
2232,throat cancer
2233,throat health
2234,thyme
2235,thymus
2236,thyroid cancer
2237,thyroid disease
2238,thyroid health
2239,tick bites
2240,titanium dioxide
2241,TMAO
2242,tobacco
2243,tofu
2244,Tomato Effect
2245,tomato juice
2246,tomato sauce
2247,tomatoes
2248,Tonga
2249,tongue cancer
2250,tongue worm
2251,tonsil cancer
2252,TOR
2253,torcetrapib
2254,Toxaphene
2255,toxic megacolon
2256,toxoplasma
2258,traffic
2259,trail mix
2260,trans fat
2261,trans fats
2262,transglutaminase
2263,treadmill
2264,tremors
2265,triglycerides
2266,trigylcerides
2267,trimethylamine
2268,triphala
2269,Truvia
2270,tryptophan
2271,Tufts
2272,tulsi tea
2273,Tumor necrosis factor
2274,tumor suppressor genes
2275,Tums
2276,tuna
2277,Tuna Council
2278,turbinado sugar
2279,turkey
2280,turmeric
2281,turnips
2282,TVP
2283,twin studies
2284,Twinkies
2285,twins
2286,Tylenol
2287,U.S. Department of Defense
2288,U.S. Dry Bean Council
2289,Uganda
2290,ulcerative colitis
2291,ultra-processed foods
2292,underweight
2293,Union of Concerned Scientists
2294,United Kingdom
2295,uric acid
2296,urinary tract infections
2297,urticaria
2298,Uruguay
2299,USDA
2300,uterine cancer
2301,uterine health
2302,vaccinations
2303,vaccines
2304,vaginal cancer
2305,vaginal discharge
2306,vaginal health
2307,vaginosis
2308,Valium
2309,varicose veins
2310,Vaseline
2311,veal
2312,veal brains
2313,vegans
2314,vegetable oil
2315,vegetable protein
2316,vegetables
2317,vegetarians
2318,VEGF
2319,veggie bacon
2320,veggie burgers
2321,veggie chicken
2322,veggie dogs
2323,Veggiecation
2324,venison
2326,Vesanto Melina
2327,Viagra
2328,Vietnam
2329,vincristine
2330,vinegar
2331,Vioxx
2332,viral infections
2333,Virginia Messina
2334,vision
2335,visual disturbance
2336,vitamin A
2337,vitamin B1
2338,vitamin B12
2340,vitamin C
2341,vitamin D
2342,vitamin E
2343,vitamin K
2344,vitamins
2345,VLDL
2346,voice box cancer
2347,voice box health
2349,vomiting
2350,vulva cancer
2351,waist-to-height ratio
2352,wakame
2353,walnut
2354,walnut oil
2355,walnuts
2356,wart viruses
2357,warts
2358,water
2359,watercress
2360,watermelon
2361,watermelon seeds
2362,weakness
2363,weeds
2364,weight gain
2365,weight loss
2366,whale meat
2367,wheat
2368,whiff test
2369,whipped cream
2370,white meat
2372,white tea
2373,white wine
2374,Whitecoat project
2375,whiting
2377,wild game
2378,wine
2379,wine supplements
2380,women's health
2381,Women’s Healthy Eating and Living Study
2382,woodear mushrooms
2383,Workplace intervention
2384,World Cancer Research Fund
2385,World Health Organization
2386,worms
2387,wound healing
2388,wrinkles
2389,X-rays
2390,xanthan gum
2391,xanthones
2392,xeno-autoantibodies
2393,xenoestrogens
2394,xenohormesis
2395,xylitol
2396,Yale
2397,yams
2398,yeast
2400,yerba mate
2401,Yersinia
2402,yogurt
2403,Z-Sweet
2404,zeaxanthin
2406,zinc
2407,zingerone
2408,Zoloft
2409,zoonotic disease
2410,zucchini
2423,McDonalds
2425,preservation
2426,Yanomamo
2427,Heart of Gold: Turmeric vs. Exercise
2428,Does Fiber Really Prevent Diverticulosis?
2429,Diverticulosis: When Our Most Common Gut Disorder Hardly Existed
2430,Preventing Brain Loss with B Vitamins?
2431,Flame Retardant Pollutants and Child Development
2432,Peppermint Oil for Irritable Bowel Syndrome
2433,Can Diabetic Retinopathy Be Reversed?
2434,"Should You Sit, Squat, or Lean During a Bowel Movement?"
2435,How Many Bowel Movements Should You Have Every Day?
2436,The Best Kept Secret in Medicine
2437,Big Sugar Takes on the World Health Organization
2438,What Causes Diabetes?
2439,From Table to Able: Combating Disabling Diseases with Food
2440,More Than an Apple a Day: Combating Common Diseases
2441,Uprooting the Leading Causes of Death
2442,Drugs and the Demise of the Rice Diet
2443,Dietary Pollutants May Affect Testosterone Levels
2444,"Turmeric Curcumin, MGUS, and Multiple Myeloma"
2445,Why Do Plant-Based Diets Help Rheumatoid Arthritis?
2446,How to Prevent Kidney Stones With Diet
2447,Are the Benefits of Organic Food Underrated or Overrated?
2448,Are Organic Foods Healthier?
2449,How to Make Your Own Fruit and Vegetable Wash
2450,Are Organic Foods Safer?
2451,Are Organic Foods More Nutritious?
2452,Bowel Wars: Hydrogen Sulfide vs. Butyrate
2453,How to Prevent High Blood Pressure with Diet
2454,Antioxidants and Depression
2455,Cholesterol Crystals May Tear Through Our Artery Lining
2456,What Percent of Americans Lead Healthy Lifestyles?
2457,C. difficile Superbugs in Meat
2458,Formula for Childhood Obesity
2459,How to Prevent a Stroke
2460,Diabetes as a Disease of Fat Toxicity
2461,Peppermint Aromatherapy for Nausea
2462,Switching from Beef to Chicken & Fish May Not Lower Cholesterol
2463,How Much Fruit is Too Much?
2464,Diet and Amyotrophic Lateral Sclerosis (ALS)
2465,ALS (Lou Gehrig's Disease): Fishing for Answers
2466,Nutritional Yeast to Prevent the Common Cold
2467,Can Oatmeal Help Fatty Liver Disease?
2468,Oatmeal Lotion for Chemotherapy-Induced Rash
2469,"If White Rice is Linked to Diabetes, What About China?"
2470,Is Milk Good for Our Bones?
2471,Do Antidepressant Drugs Really Work?
2472,Exercise vs. Drugs for Depression
2473,Improving on the Mediterranean Diet
2474,Do Flexitarians Live Longer?
2475,Which Parts of the Mediterranean Diet Extended Life?
2476,PREDIMED: Does Eating Nuts Prevent Strokes?
2477,The Mediterranean Diet or a Whole Food Plant-Based Diet?
2478,Why Was Heart Disease Rare in the Mediterranean?
2479,Stool pH and Colon Cancer
2480,Preventing Ulcerative Colitis with Diet
2481,Optimal Cholesterol Level
2482,Reducing Glycotoxin Intake to Prevent Alzheimer's
2483,The Cilantro Gene
2485,Lipotoxicity: How Saturated Fat Raises Blood Sugar
2486,The Spillover Effect Links Obesity to Diabetes
2487,What Causes Insulin Resistance?
2488,The Problem With the Paleo Diet Argument 
2489,Why Prevention is Worth a Ton of Cure
2490,The Actual Benefit of Diet vs. Drugs
2491,Flax Seeds for Hypertension
2492,Preventing Alzheimer’s Disease With Plants
2493,Turmeric Curcumin vs. Exercise for Artery Function
2494,Enhancing Athletic Performance With Peppermint
2495,Never Too Late to Start Eating Healthier
2496,Are Raisins Good Snacks for Kids?
2497,Plant-Based Diets and Diabetes
2498,How Many Meet the Simple Seven?
2499,The Saturated Fat Studies: Set Up to Fail
2500,The Saturated Fat Studies: Buttering Up the Public
2501,Which Dietary Factors Affect Breast Cancer Most?
2502,Ciguatera Poisoning & Chronic Fatigue Syndrome
2503,Preventing Crohn’s Disease With Diet
2504,Why Do Vegan Women Have 5x Fewer Twins?
2505,"Estrogen in Meat, Dairy, and Eggs"
2506,Can Diet Protect Against Kidney Cancer?
2507,Paleo Diets May Negate Benefits of Exercise
2508,Aspartame and the Brain
2509,Chicken Big: Poultry and Obesity
2510,Coffee and Artery Function
2511,Food Industry Funded Research Bias
2512,Kempner Rice Diet: Whipping Us Into Shape
2513,Back in Circulation: Sciatica and Cholesterol
2514,"If Fructose is Bad, What About Fruit?"
2515,Eliminating 90% of Heart Disease Risk
2516,Inhibiting Platelet Activation with Tomato Seeds
2517,Preventing Alzheimer’s Disease with Diet
2518,Preventing Alzheimer’s with Lifestyle Changes
2519,How Much Added Sugar Is Too Much?
2520,Caloric Restriction vs. Plant-Based Diets
2521,GMO Soy and Breast Cancer
2522,Is Monsanto’s Roundup Pesticide Glyphosate Safe?
2523,Are GMOs Safe? The Case of Roundup Ready Soy
2524,Are GMOs Safe? The Case of Bt Corn
2525,Antibiotics: Agribusinesses’ Pound of Flesh
2526,Hospitals Selling Sickness
2527,Dairy Estrogen and Male Fertility
2528,The Role of Diet in Declining Sperm Counts
2529,Juicing Removes More Than Just Fiber
2530,Infectobesity: Adenovirus 36 and Childhood Obesity
2531,Turmeric Curcumin and Pancreatic Cancer
2532,Can Flax Seeds Help Prevent Breast Cancer?
2533,PCBs in Children’s Fish Oil Supplements
2534,How Much Hibiscus Tea is Too Much?
2535,Is There Too Much Aluminum in Tea?
2536,Protecting Teeth From Hibiscus Tea
2537,Hibiscus Tea vs. Plant-Based Diets for Hypertension
2538,Lifestyle Medicine Is the Standard of Care for Prediabetes
2539,Cooked Beans or Sprouted Beans?
2540,Does Cholesterol Size Matter?
2541,Telomeres: Cap It All Off with Diet
2542,Does Meditation Affect Cellular Aging?
2543,Treating Alzheimer's with Turmeric
2544,Preventing Alzheimer's with Turmeric
2545,Garlic and Raisins to Prevent Premature Birth
2546,Dioxins in U.S. Farm-Raised Catfish
2547,Collaboration with the New Vectors of Disease
2548,Four Nuts Once a Month
2549,How the Egg Board Designs Misleading Studies
2550,Barriers to Heart Disease Prevention
2551,Treating Gout with Cherry Juice
2552,MRSA Superbugs in Meat
2553,How to Prevent Prediabetes in Children
2554,How to Prevent Prediabetes from Turning into Diabetes
2555,"Beans, Beans, They're Good For Your Heart"
2556,How to Diagnose Gluten Intolerance
2557,Gluten-Free Diets: Separating the Wheat from the Chat
2558,Is Gluten Sensitivity Real?
2559,Treating Hepatitis C with Chlorella
2560,Childhood Constipation and Cow’s Milk
2561,Second Strategy to Cooking Broccoli
2562,Inhibiting Platelet Aggregation with Berries
2563,Illegal Drugs in Chicken Feathers
2564,What’s the Best Mouthwash?
2565,Which Vegetable Binds Bile Best?
2566,Breast Cancer and Constipation
2567,Evidence-Based Medicine or Evidence-Biased?
2568,Saving Lives By Treating Acne With Diet
2569,Prevent Cancer From Going on TOR
2570,Diabetics Should Take Their Pulses
2571,Preventing Prediabetes By Eating More
2572,Which Nut Fights Cancer Better?
2573,What Diet Should Physicians Recommend?
2574,Preventing Liver Cancer with Coffee
2575,Essential Tremor and Diet
2576,Cooking to Live Longer
2577,The Best Way to Cook Sweet Potatoes
2578,Anti-Cancer Potential of Sweet Potato Proteins
2579,Alzheimer’s Disease: Grain Brain or Meathead?
2580,Academy of Nutrition and Dietetics Conflicts of Interest
2581,Dark Chocolate and Artery Function
2582,Broccoli: Sprouts vs. Supplements
2583,When Low Risk Means High Risk
2584,Topical Application of Turmeric Curcumin for Cancer
2585,Turmeric Curcumin and Colon Cancer
2586,Cadmium and Cancer: Plant vs. Animal Foods
2587,Watermelon for Sore Muscle Relief
2588,Gout Treatment with a Cherry on Top
2589,Anti-inflammatory Life is a Bowl of Cherries
2590,Do Vegetarians Get Enough Protein?
2591,Longer Life Within Walking Distance
2592,Turning the Clock Back 14 Years
2593,"Fruits, Veggies, and Longevity: How Many Minutes Per Mouthful?"
2594,Magic Bullets vs. Promiscuous Plants
2595,Plants as Intellectual Property – Patently Wrong?
2596,Xenohormesis: What Doesn't Kill Plants May Make Us Stronger
2597,Appropriating Plant Defenses
2598,"Tick Bites, Meat Allergies, and Chronic Urticaria"
2599,Alpha Gal and the Lone Star Tick
2600,Eggs and Arterial Function
2601,Debunking Egg Industry Myths
2602,Walnuts and Artery Function
2603,Pollutants in Salmon and Our Own Fat
2604,Diabetes and Dioxins
2605,Fish and Diabetes
2606,Cancer Risk From French Fries
2607,Statin Cholesterol Drugs and Invasive Breast Cancer
2608,Cholesterol Feeds Breast Cancer Cells
2609,Treating Asthma and Eczema With Plant-Based Diets
2610,Treating Asthma With Plants vs. Supplements?
2611,Treating Asthma With Fruits and Vegetables
2612,Preventing Asthma With Fruits and Vegetables
2613,Taxpayer Subsidies for Unhealthy Foods
2614,How Many Cancers Have Been Caused by Arsenic-Laced Chicken?
2615,California Children Are Contaminated
2616,Caloric Restriction vs. Animal Protein Restriction
2617,Why Do We Age?
2618,Blood Type Diet Debunked
2619,Fully Consensual Heart Disease Treatment
2620,Phytates for the Treatment of Cancer
2621,Phytates for Rehabilitating Cancer Cells
2622,Phytates for the Prevention of Cancer
2623,Low Carb Diets and Coronary Blood Flow
2624,Nuts May Help Prevent Death
2625,Turmeric Curcumin Reprogramming Cancer Cell Death
2626,Carcinogen Blocking Effects of Turmeric
2627,Back to Our Roots: Curry and Cancer
2628,Seeing Red No. 3: Coloring to Dye For
2629,Dietary Sources of Alkylphenol Endocrine Disruptors
2631,How to Slow Brain Aging by Two Years
2632,Is Meat Glue Safe?
2633,Is Liquid Smoke Flavoring Carcinogenic?
2634,"Food Antioxidants, Stroke, and Heart Disease"
2635,Food Antioxidants and Cancer
2637,Who Says Eggs Aren't Healthy or Safe?
2638,How Much Exercise to Sustain Weight Loss?
2639,Who Determines if Food Additives are Safe?
2640,Chicken Salmonella Thanks to Meat Industry Lawsuit
2641,Foster Farms Responds to Chicken Salmonella Outbreaks
2642,Norovirus Food Poisoning from Pesticides
2643,Is Fish Oil Just Snake Oil?
2644,Should We Take a Multivitamin?
2645,Convincing Doctors to Embrace Lifestyle Medicine
2646,Dr. Burkitt’s F-Word Diet
2647,Prostate Cancer and Organic Milk vs. Almond Milk
2648,Who Shouldn’t Consume Curcumin or Turmeric?
2649,Boosting the Bioavailability of Curcumin
2650,Turmeric Curcumin and Osteoarthritis
2651,Turmeric Curcumin and Rheumatoid Arthritis
2652,Spicing Up DNA Protection
2653,Which Spices Fight Inflammation?
2654,Superbugs in Conventional vs. Organic Chicken
2655,"Bacon, Eggs, and Gestational Diabetes During Pregnancy"
2656,Dietary Treatments for Computer Eye Strain
2657,Dietary Treatment of Glaucoma
2658,Dietary Prevention of Age-Related Macular Degeneration
2659,Greens vs. Glaucoma
2660,How Long to Detox From Fish Before Pregnancy?
2661,Boosting Natural Killer Cell Activity
2662,Vitamin B12 Necessary for Arterial Health
2663,Arteries of Vegans vs. Runners
2664,Antioxidant Rich Foods With Every Meal
2665,"How to Reach the Antioxidant ""RDA"""
2666,"Minimum ""Recommended Daily Allowance"" of Antioxidants"
2667,Eggs and Diabetes
2668,Phytates for the Prevention of Osteoporosis
2669,Autopsy of Chicken Nuggets
2670,Is Caramel Color Carcinogenic?
2671,One in a Thousand: Ending the Heart Disease Epidemic
2672,Cavities and Coronaries: Our Choice
2673,Mercury vs. Omega-3s for Brain Development
2674,Fish Intake Associated With Brain Shrinkage
2675,Are Fatty Foods Addictive?
2676,Are Sugary Foods Addictive?
2677,How to Avoid Phosphate Additives
2678,Phosphate Additives in Chicken
2679,Phosphate Additives in Meat Purge and Cola
2680,Counteracting the Effects of Dioxins Through Diet
2681,The Broccoli Receptor: Our First Line of Defense
2682,Lifestyle Medicine: Treating the Causes of Disease
2683,Canned Beans or Cooked Beans?
2684,BRCA Breast Cancer Genes and Soy
2685,Increased Lifespan From Beans
2686,How Many Poppy Seeds Are Too Many?
2687,Nutrient-Dense Approach to Weight Management
2688,Preserving Immune Function in Athletes With Nutritional Yeast
2689,Enhanced Athletic Recovery Without Undermining Adaptation
2690,Chronic Headaches and Pork Tapeworms
2691,"Eggs, Choline, and Cancer"
2692,Eggs and Choline: Something Fishy
2693,BOLD Indeed: Beef Lowers Cholesterol?
2694,Tell Your Doctor If You Eat Grapefruit
2695,Testing Your Diet with Pee & Purple Cabbage
2696,"Alkaline Diets, Animal Protein, & Calcium Loss"
2697,Breast Cancer Survival Vegetable
2698,Prostate Cancer Survival: The A/V Ratio
2699,Treating Multiple Sclerosis With the Swank MS Diet
2700,Heart Disease Starts in Childhood
2701,Methionine Restriction as a Life Extension Strategy
2702,Starving Cancer with Methionine Restriction
2703,Eating Outside Our Kingdom
2704,Poultry Exposure Tied to Liver and Pancreatic Cancer
2705,Eating Better to Look Better
2706,Changing Our Taste Buds
2707,Tricks to Get Adults to Eat Healthier
2708,Tricks to Get Kids to Eat Healthier at Home
2709,Tricks to Get Kids to Eat Healthier at School
2710,Artificial Food Colors and ADHD
2711,Treating ADHD Without Stimulants
2712,Butter-Flavored Microwave Popcorn or Breathing
2713,Pistachio Nuts for Erectile Dysfunction
2714,50 Shades of Greens
2715,Survival of the Firmest: Erectile Dysfunction and Death
2716,Which Seaweed is Most Protective Against Breast Cancer?
2717,Preventing Exercise-Induced Oxidative Stress With Watercress
2718,Reducing Muscle Soreness With Berries
2719,Reducing Muscle Fatigue With Citrus
2720,Keeping Your Hands Warm With Citrus
2721,Infant Seizures Linked to Mother's Spirulina Use
2722,Safety of Noni and Mangosteen Juice
2723,Is Carrageenan Safe?
2724,Dietary Treatment for Painful Menstrual Periods
2725,Cayenne Pepper for Irritable Bowel Syndrome and Chronic Indigestion
2726,Hot Sauce in the Nose for Cluster Headaches?
2727,Tart Cherries for Insomnia
2728,Kiwifruit for Insomnia
2729,Fighting the Blues With Greens?
2730,Anti-Angiogenesis: Cutting Off Tumor Supply Lines
2731,Why Might Vegetarians Have Less HPV?
2732,Past the Age of Miracles: Facing a Post-Antibiotic Age
2733,Beans and the Second Meal Effect
2734,Eggs and Cholesterol: Patently False and Misleading Claims
2735,Male Fertility and Diet
2736,Trans Fat In Meat And Dairy
2737,Reducing Radiation Damage With Ginger & Lemon Balm
2738,Mediating Radiation Exposure From Airline Travel
2739,Do Dental X-Rays Cause Brain Tumors?
2740,Cancer Risk From CT Scan Radiation
2741,Fukushima and Radioactivity in Seafood
2742,Childhood Tea Drinking May Increase Fluorosis Risk
2743,Can Cranberry Juice Treat Bladder Infections?
2744,Avoiding Chicken To Avoid Bladder Infections
2745,Bacterial Vaginosis and Diet
2746,Lavender for Migraine Headaches
2747,Lavender for Generalized Anxiety Disorder
2748,Gut Feelings: Probiotics and Mental Health
2749,"Should Probiotics Be Taken Before, During, or After Meals?"
2750,Preventing the Common Cold with Probiotics?
2751,Preventing and Treating Diarrhea with Probiotics
2752,Breast Cancer Risk: Red Wine vs. White Wine
2753,Boosting Immunity While Reducing Inflammation
2754,Black Raspberries versus Oral Cancer 
2755,Strawberries versus Esophageal Cancer 
2756,Cranberries versus Cancer
2757,Which Fruit Fights Cancer Better?
2758,The Lie That Heals: Should Doctors Give Placebos?
2759,Breast Cancer and Alcohol: How Much is Safe?
2760,Eating Healthy on a Budget
2761,Does a Drink Of Water Make Children Smarter?
2762,Flax Seeds For Breast Pain
2763,"Carnitine, Choline, Cancer and Cholesterol: The TMAO Connection"
2764,Plant-Based Diets For Breast Pain
2765,The Safety of Tarragon
2766,Don't Eat Too Much Nutmeg
2767,Update on Cinnamon for Blood Sugar Control
2768,Can Cellulite Be Treated With Diet?
2769,The McGovern Report
2770,Flaxseeds & Breast Cancer Survival: Clinical Evidence
2771,Flaxseeds & Breast Cancer Survival: Epidemiological Evidence
2772,Flaxseeds & Breast Cancer Prevention
2773,Fiber vs. Breast Cancer
2774,Flaxseeds For Sensitive Skin
2775,Flaxseed vs. Diabetes
2776,"Was It the Flaxseed, Fat Restriction, or Both?"
2777,Flaxseed vs. Prostate Cancer
2778,Salmonella in Chicken & Turkey: Deadly But Not Illegal
2779,Raisins vs. Jelly Beans for Athletic Performance
2780,Do Fruit & Nut Bars Cause Weight Gain?
2781,Prunes vs. Metamucil vs. Vegan Diet
2782,"Dried Apples, Dates, Figs or Prunes for Cholesterol?"
2783,Eggs vs. Cigarettes in Atherosclerosis
2784,Herbal Tea Update: Rooibos & Nettle
2785,Herbal Tea Update: Hibiscus
2786,Treating Parkinson's Disease With Diet
2787,Preventing Parkinson's Disease With Diet
2788,Clinical Studies on Acai Berries
2789,"Protein, Puberty, and Pollutants"
2790,Titanium Dioxide & Inflammatory Bowel Disease
2791,Can Gargling Prevent The Common Cold?
2792,Are Cats or Dogs More Protective For Children's Health?
2793,Foodborne Rabies
2794,Is Vitamin D3 Better Than D2?
2795,Does Coconut Oil Clog Arteries?
2796,Does Coconut Oil Cure Alzheimer's?
2797,Plant-Based Diets: Dental Health
2798,Plant-Based Diets: Oral Health
2799,Meat Fumes: Dietary Secondhand Smoke
2800,Prolonged Liver Function Enhancement From Broccoli
2801,"Cancer, Interrupted: Garlic & Flavonoids"
2802,"Cancer, Interrupted: Green Tea "
2803,"Heterocyclic Amines in Eggs, Cheese, and Creatine?"
2804,Reducing Cancer Risk In Meateaters
2805,PhIP: The Three Strikes Breast Carcinogen
2806,Estrogenic Cooked Meat Carcinogens
2807,Fibromyalgia vs. Mostly Raw & Mostly Vegetarian Diets
2808,Fibromyalgia vs. Vegetarian & Raw Vegan Diets
2809,Apple Skin: Peeling Back Cancer
2810,Apple Juice May Be Worse Than Sugar Water
2811,Flesh and Fructose
2812,Miocene Meteorites and Uric Acid
2813,Tree Nuts or Peanuts for Breast Cancer Prevention? 
2814,Preventing Breast Cancer By Any Greens Necessary
2815,Why Do Asian Women Have Less Breast Cancer?
2816,Breast Cancer vs. Mushrooms
2817,Whole Grains May Work As Well As Drugs
2818,Metabolic Syndrome and Plant-Based Diets
2819,Potassium and Autoimmune Disease
2820,Preventing Strokes with Diet
2821,98% of American Diets Potassium Deficient
2822,Meat May Exceed Daily Allowance of Irony
2823,Nonhuman Molecules Lining Our Arteries
2824,How Tumors Use Meat to Grow: Xeno-Autoantibodies
2825,The Inflammatory Meat Molecule Neu5Gc
2826,Clonal Deletion Theory of Immunity
2827,Clonal Selection Theory of Immunity
2828,Cancer as an Autoimmune Disease
2829,Unsweetening the Diet
2830,Neurobiology of Artificial Sweeteners
2831,How Diet Soda Could Make Us Gain Weight
2832,Erythritol May Be a Sweet Antioxidant
2833,Diet Soda and Preterm Birth
2834,Aspartame-Induced Fibromyalgia
2835,Yersinia in Pork
2836,Ractopamine in Pork
2837,Meat Mythcrushers
2838,Antioxidants Sprouting Up
2839,Side-Effect of Fenugreek Consumption
2840,Benefits of Fenugreek Seeds
2841,Standing Up for Your Health
2842,Preventing Wrinkles with Diet
2843,Beauty Is More Than Skin Deep
2844,Gerson-style Therapy vs. Chemotherapy
2845,Gerson Therapy for Cancer
2846,Plant-Based Bioidentical Hormones
2847,Changing Protein Recommendations?
2849,Protein and Heart Disease
2850,More Antibiotics In White Meat or Dark Meat?
2851,Lowering Dietary Antibiotic Intake
2852,The Wrong Way to Detox
2853,The Best Baby Formula
2854,Plants vs. Pesticides
2855,Food Sources of Perfluorochemicals
2856,How Fast Can Children Detoxify from PCBs?
2857,DDT in Umbilical Cord Blood
2858,Food Sources of Flame Retardant Chemicals
2860,BPA Plastic and Male Sexual Dysfunction
2861,Pesticides in Chinese Bamboo Shoots
2862,President's Cancer Panel Report on Environmental Risk
2863,﻿CDC Report on Environmental Chemical Exposure
2864,Saffron vs. Prozac
2865,Wake Up and Smell the Saffron
2866,Saffron for the Treatment of PMS
2868,Bug Appétit: Barriers to Entomophagy
2869,Good Grub: The Healthiest Meat
2870,Filled Full of Lead
2871,Modern Meat Not Ahead of the Game
2872,Paleolithic Lessons
2873,Plant-Based Bodybuilding
2875,Too Much Soy May Neutralize Benefits
2876,Animalistic Plant Proteins
2877,Higher Quality May Mean Higher Risk
2878,Protein Intake & IGF-1 Production
2879,How Plant-Based to Lower IGF-1?
2880,The Answer to the Pritikin Puzzle
2881,Cancer-Proofing Mutation
2882,IGF-1 as One-Stop Cancer Shop
2883,Prostate vs. Plants
2884,Some Prostates Are Larger than Others
2885,"Is It the Diet, the Exercise, or Both?"
2886,Ex Vivo Cancer Proliferation Bioassay
2887,Engineering a Cure
2888,Slimming the Gecko
2889,Extra Virgin Olive Oil vs. Nuts
2890,To Snack or Not to Snack?
2891,Diet Pills Do Fat a Lot of Good
2892,Biblical Daniel Fast Put to the Test
2893,Tightening the Bible Belt
2894,Waist Circumference Less Than Half Your Height
2895,Cattlemen’s Association Has Beef With Study
2896,Meat and Weight Gain in the PANACEA Study
2897,Diet vs. Exercise for Weight Loss
2899,Tipping Firmicutes to Bacteroidetes
2900,Boosting Good Bacteria in the Colon Without Probiotics
2901,Fawning Over Flora
2902,Fat Burning Via Flavonoids
2903,Fat Burning Via Arginine
2904,Testing the Fat Burning Theory
2905,Testing the Dietary Compensation Theory
2906,Testing the Pistachio Principle
2907,Solving the Mystery of the Missing Calories
2908,Nuts and Obesity: The Weight of Evidence
2909,Optimal Phytosterol Source
2910,Optimal Phytosterol Dose
2911,How Phytosterols Lower Cholesterol
2912,How Fiber Lowers Cholesterol
2913,Nuts and Bolts of Cholesterol Lowering
2914,Diet Versus Drugs for High Cholesterol
2915,Black Versus English Walnuts
2916,The True Shelf-Life of Cooking Oils
2917,The Best Way to Boost Serotonin
2918,A Better Way to Boost Serotonin
2919,The Wrong Way to Boost Serotonin
2920,Human Neurotransmitters in Plants
2921,Mineral of the Year—Magnesium
2922,How Do Nuts Prevent Sudden Cardiac Death?
2923,Risk Associated With Iron Supplements
2924,New Mineral Absorption Enhancers Found
2925,The Benefits of Caloric Restriction Without the Actual Restricting
2926,Americans Are Living Longer but Sicker Lives
2927,What Women Should Eat to Live Longer
2928,Plant-Based Diets and Cellular Stress Defenses
2929,Kiwifruit and DNA Repair
2930,Kiwifruit for Irritable Bowel Syndrome
2931,Treating Kidney Failure Through Diet
2932,Preventing Kidney Failure Through Diet
2933,Treating Genital Warts With Green Tea
2934,Treating Gorlin Syndrome With Green Tea
2935,Is Caffeinated Tea Dehydrating?
2936,Antimutagenic Activity of Green Versus White Tea
2937,Dead Meat Bacteria Endotoxemia
2938,The Exogenous Endotoxin Theory
2939,The Leaky Gut Theory of Why Animal Products Cause Inflammation
2940,Dietary Treatment of Crohn's Disease
2941,Fighting Inflammation in a Nut Shell
2942,Anti-Inflammatory Effects of Purple Potatoes
2943,Boosting Immunity Through Diet
2944,Is Hydroponic Basil as Healthy?
2945,Chamomile Tea May Not Be Safe During Pregnancy
2946,Making Our Arteries Less Sticky
2947,Blocking the First Step of Heart Disease
2948,Arterial Acne
2949,Zero Tolerance to Acceptable Risk
2950,Unsafe at Any Feed
2951,Not So Delusional Parasitosis
2952,Maggot Meat Spray
2953,Viral Meat Spray
2954,Tongue Worm in Human Eye
2955,Don’t Put Your Money Where Your Mouth Is
2956,Handwashing Compliance of Retail Deli Workers
2957,Some Dietary Supplements May Be More Than a Waste of Money
2958,Heavy Metals in Protein Powder Supplements
2959,Dietary Supplement Snake Oil
2960,Pharmacists Versus Health Food Store Employees: Who Gives Better Advice?
2961,Dangerous Advice From Health Food Store Employees
2962,Bad Advice From Health Food Store Employees
2963,Health Food Store Supplement Advice
2964,Which Brand of Tuna Has the Most Mercury?
2965,Hair Testing for Mercury Before Considering Pregnancy
2966,"Red Fish, White Fish; Dark Fish, Atrial Fibrillation"
2967,A Fine Kettle of Fluoxetine
2968,Amnesic Seafood Poisoning
2969,SAD States: Standard American Diet State-By-State Comparison
2970,Preventing Cataracts with Diet
2971,Prevent Glaucoma and See 27 Miles Farther
2972,Preventing Macular Degeneration with Diet
2973,Garden Variety Anti-Inflammation
2974,Apples and Oranges: Dietary Diversity
2975,The Acne-Promoting Effects of Milk
2977,National Dairy Council on Acne and Milk
2978,Cow’s Milk Casomorphin and Autism
2979,Cow’s Milk Casomorphin and Crib Death 
2981,Cheese Mites and Maggots
2982,Creatine Brain Fuel Supplementation
2983,When Meat Can Be a Lifesaver
2984,Eating Healthy on the Cheap
2985,Treating COPD With Diet 
2986,Preventing COPD With Diet
2987,The Fruit Whose Juice Is Healthier
2988,Raw Veggies Versus Cooked for Heart Disease
2989,The Safer Cinnamon
2990,Watermelon as Treatment for Erectile Dysfunction
2991,Cholesterol and Lower Back Pain
2992,Cholesterol and Female Sexual Dysfunction
2993,A Treatment for Chronic Fatigue Syndrome
2994,Meat-Borne Infection Risk from Shopping Carts
2995,Food Poisoning Bacteria Cross-Contamination
2996,Poultry and Paralysis
2997,Poultry Exposure and Neurological Disease
2998,Carcinogenic Retrovirus Found in Eggs
3000,"Chicken Dioxins, Viruses, or Antibiotics?"
3001,EPIC Findings on Lymphoma
3003,What About the Caffeine?
3006,Flax and Fecal Flora
3007,Breast Cancer Survival and Lignan Intake
3008,Breast Cancer Survival and Trans Fat
3009,"Breast Cancer Survival, Butterfat, and Chicken"
3010,Raw Broccoli and Bladder Cancer Survival
3012,Biggest Nutrition Bang for Your Buck
3013,Lung Cancer Metastases and Broccoli
3014,Sometimes the Enzyme Myth Is True
3016,How Much Broccoli Is Too Much?
3017,Liver Toxicity Due to Broccoli Juice?
3019,Sulforaphane: From Broccoli to Breast
3020,Broccoli Versus Breast Cancer Stem Cells
3022,Smoking Versus Kale Juice
3023,Kale and the Immune System
3024,Meat Additives to Diminish Toxicity
3025,So Should We Drink Beet Juice or Not?
3026,Vitamin C-Enriched Bacon
3027,Carcinogens in the Smell of Frying Bacon
3028,Prevention Is Better Than Cured Meat
3029,Are Nitrates Pollutants or Nutrients?
3030,Bacon and Botulism
3031,When Nitrites Go Bad
3032,Is Bacon Good or Is Spinach Bad?
3034,Hearts Shouldn't Skip a Beet
3035,Pretty in Pee-nk
3036,Asparagus Pee
3037,Out of the Lab Onto the Track
3038,Don't Use Antiseptic Mouthwash
3039,Priming the Proton Pump
3041,Soy Worth a Hill of Beans?
3042,New Vitamin B12 Test
3047,Plant-Based Atkins Diet
3049,Bulking Up on Antioxidants
3050,The Power of NO
3051,Anti-Inflammatory Antioxidants
3052,Anti Up on the Veggies
3053,Dragon's Blood
3054,Amla and Triphala Tested for Metals
3055,Get the Lead Out
3056,Some Ayurvedic Medicine Worse Than Lead Paint Exposure
3057,A Better Breakfast
3058,Antioxidants in a Pinch
3059,Amla Versus Diabetes
3060,Power Plants
3061,Amla Versus Cancer Cell Invasion
3062,Amla Versus Cancer Cell Growth
3063,Better Than Goji Berries
3064,Dried Apples Versus Cholesterol
3065,Best Berries
3066,Better Than Green Tea?
3067,Carcinogenic Putrescine
3068,Throw Household Products Off the Scent
3070,Preventing Allergies in Adulthood
3071,Preventing Childhood Allergies
3072,Avoiding a Sugary Grave
3073,Glycotoxins
3074,How to Help Prevent Abdominal Aortic Aneurysms
3076,"Trans Fat, Saturated Fat, and Cholesterol: Tolerable Upper Intake of Zero"
3077,Fast Food: Do You Want Fries With That Lipitor?
3078,Heart Attacks and Cholesterol: Purely a Question of Diet
3079,Heart Attacks and Cholesterol: Agribusiness Sees It Differently
3080,Heart Attacks and Cholesterol: Dying Under Normal Circumstances
3081,The Risks and Benefits of Neti Pot Nasal Irrigation
3082,Take Vitamin D Supplements With Meals
3083,Resolving the Vitamin D-Bate
3084,How the Institute of Medicine Arrived at Their Vitamin D Recommendation
3085,The Difficulty of Arriving at a Vitamin D Recommendation
3087,Vitamin D and Mortality May Be a U-shaped Curve
3088,Is Vitamin D the New Vitamin E?
3090,Vitamin D Recommendations Changed
3091,Pink Juice with Green Foam
3092,Is Pomegranate Juice That Wonderful?
3093,Alzheimer's and Apple Juice
3094,Constructing a Cognitive Portfolio
3095,Best Fruit Juice
3096,Phytochemicals: The Nutrition Facts Missing From the Label
3097,Amyloid and Apple Juice
3098,MRSA in U.S. Retail Meat
3099,Airborne MRSA
3101,Infant Nearly Killed by Homeopathy
3102,Total Recall
3105,Medical Associations Oppose Bill to Mandate Nutrition Training
3106,Nutrition Education Mandate Introduced for Doctors
3107,Doctors Know Less Than They Think About Nutrition
3108,Medical School Nutrition Education
3114,Plant Protein Preferable
3116,Dietary Guidelines: From Dairies to Berries
3120,"Food Industry ""Funding Effect"""
3121,Dietary Guidelines: With a Grain of Big Salt
3124,Is Potassium Sorbate Bad for You?
3125,Alkaline Water: a Scam?
3126,The Tomato Effect
3127,China Study on Sudden Cardiac Death
3128,Our Number One Killer Can Be Stopped
3129,Resuscitating Medicare
3130,Are Avocados Bad for You?
3131,Are Avocados Good for You?
3132,The Effect of Canned Tuna on Future Wages
3133,Fish Oil in Troubled Waters
3134,Chicken's Fate Is Sealed
3135,"Chicken, Eggs, and Inflammation"
3136,Inflammatory Remarks About Arachidonic Acid
3137,Improving Mood Through Diet
3138,Bowels of the Earth
3139,Food Mass Transit
3140,Stool Size Matters
3141,Relieving Yourself of Excess Estrogen
3142,Multivitamin Supplements and Breast Cancer
3143,Breast Cancer Prevention: Which Mushroom Is Best?
3144,Vegetables Versus Breast Cancer
3145,Cancer Prevention and Treatment May Be the Same Thing
3146,Food Sources of PCB Chemical Pollutants
3147,Chicken Consumption and the Feminization of Male Genitalia
3148,Rosy Glow
3149,"Produce, Not Pills to Increase Physical Attractiveness"
3150,Golden Glow
3151,Too Much Iodine Can Be as Bad as Too Little
3152,Pregnant Vegans at Risk for Iodine Deficiency
3153,Saffron Versus Aricept
3154,Saffron for the Treatment of Alzheimer's
3155,Avoiding Epilepsy Through Diet
3156,Pork Tapeworms on the Brain
3157,Do Doctors Make the Grade?
3158,Egg Industry Blind Spot
3159,Avoiding Cholesterol Is a No Brainer
3160,Egg Cholesterol in the Diet
3161,Is Milk and Mucus a Myth?
3162,The Effect of Soy on Precocious Puberty
3163,Calcium Absorption: Soy Milk Versus Cow Milk
3164,Vegan Epidemic
3165,American Vegans Placing Babies At Risk
3166,Did a Vegan Diet Kill This Baby?
3167,Calculate Your Healthy Eating Score
3168,Antioxidant Power of Plant Foods Versus Animal Foods
3169,"Antioxidant Content of 3,139 Foods"
3170,Melatonin & Breast Cancer
3171,Convergence of Evidence
3172,Mitochondrial Theory of Aging
3173,Vitamin D Pills vs. Tanning Beds
3174,Is Vinegar Good For You?
3175,Is Petroleum Jelly Good For You?
3176,Is Peanut Butter Good for You?
3177,Is Licorice Good For You?
3178,Are Goji Berries Good for You?
3179,Is Kombucha Tea Good For You?
3180,Is Kimchi Good For You?
3181,Is Dragon Fruit Good For You?
3182,Are Dates Good For You?
3183,Are Chili Peppers Good For You?
3184,Plant-Based Diet & Mood
3185,Cannabis Receptors & Food
3186,Is Protein Bad to the Bone?
3187,Vegan Protein Status
3188,Inverted Rabbit Sign
3189,Industrial Pollutants in Vegans
3190,Obesity-Causing Pollutants in Food
3191,Is Distilled Fish Oil Toxin-Free?
3192,Hair Testing for Mercury
3193,Fish Intake Biomarker
3194,Dioxins in the Food Supply
3195,Prozac Residues in Fish
3196,Allergenic Fish Worms
3197,Mothers Overestimate Dietary Quality
3198,Protein & Puberty
3199,What's in a Burger?
3200,Anabolic Steroids in Meat
3201,Acne & Cancer Connection
3202,Dairy & Sexual Precocity
3203,Boosting Sex-Hormone Binding
3204,Gut Flora & Obesity
3205,Does Eating Obesity Cause Obesity?
3206,Obesity-Causing Chicken Virus
3207,Crop Nutrient Decline
3208,Can Folic Acid Be Harmful?
3209,Iron During Pregnancy
3210,Caffeine During Pregnancy
3211,Overdosing on Greens
3212,Overdosing on Tea
3213,Is Matcha Good for You?
3214,Cold Steeping Green Tea
3215,Asian Paradox
3216,Soymilk Suppression?
3217,Healthiest Chocolate Fix
3218,Soy & Breast Cancer Survival
3219,Exercise & Breast Cancer
3220,Reversing Cognitive Decline
3221,Dietary Theory of Alzheimer's
3222,Mad Fish Disease
3223,Drug Residues in Meat
3224,Toxic Megacolon Superbug
3225,Chicken Out of UTIs
3226,Fecal Bacteria Survey
3227,Bristol Stool Scale
3228,Greasy Orange Rectal Leakage
3229,Hepatitis E Virus in Pork
3230,Wart Cancer Viruses in Food
3231,Meat & Multiple Myeloma
3232,Largest Study Ever
3233,Can Cholesterol Be Too Low?
3234,Statin Muscle Toxicity
3235,Low-Fat or Whole Food?
3236,New Cholesterol Fighters
3237,New Target Cholesterol
3238,Cholesterol Gallstones
3239,Migrating Fish Bones
3240,Is Homeopathy Just Placebo?
3241,Apthous Ulcer Mystery Solved
3242,Diet & Lichen Planus
3243,Diet & Rheumatoid Arthritis
3244,Rose Hips for Osteoarthritis
3245,Zinc Gel for Colds?
3246,Benzene in Carrot Juice
3247,Deep Frying Toxins
3248,Raw Food Nutrient Absorption
3249,Best Cooking Method
3250,Improving Memory Through Diet
3252,The Healthiest Apple
3253,The Healthiest Lentil
3254,The Healthiest Herbal Tea
3255,Update on Yerba Maté
3256,Update on Vitamin E
3257,Is Stevia Good For You?
3258,Another Update on Spirulina
3259,Update on MSG
3260,Update on Juice Plus+®
3261,Update on Herbalife®
3262,Update on Gum Arabic
3263,Update on Gluten
3264,Update on Coffee
3265,Is blue-green algae good for you?
3266,Update on Aspartame
3267,Update on Alfalfa Sprouts
3268,Research Into Reversing Aging
3269,Flatophonia: The Art of the Musical Anus
3270,Flaxseeds vs. Chia Seeds
3271,Saturated Fat & Cancer Progression
3272,Cancer Reversal Through Diet?
3273,Eliminating the #1 Cause of Death
3274,Whose Health Unaffected by Eggs
3275,Long-Term Vegan Bone Health
3276,Dairy Hormonal Interference
3277,Hormones in Skim vs. Whole Milk
3278,Nutrient Blocking Effects of Dairy
3279,Maxing Out on Antioxidants
3280,Brown Rice vs. Black Rice
3281,Aluminum in Vaccines vs. Food
3282,Arsenic in Chicken
3283,Arsenic in Rice
3284,Toxins in Sweet Potatoes?
3285,Toxins in Cooked Potatoes?
3286,Toxins in Raw Mushrooms?
3287,Soy Foods & Menopause
3288,Is Gluten Bad For You?
3289,Glyconutrient Supplements
3291,"Lutein, Lycopene, and Selenium Pills"
3292,Are Multivitamins Good For You?
3293,Are Iron Pills Good For You?
3294,Are Vitamin C Pills Good For You?
3295,Is Cod Liver Oil Good For You?
3296,Artificial Coloring in Fish
3297,The Problem with Organic Salmon
3298,Avoiding Other Banned Pesticides
3299,DDT in Fish Oil Supplements
3300,Cannibalistic Feed Biomagnification
3301,Amalgam Fillings vs. Canned Tuna
3302,Fish Fog
3303,Maternal Mercury Levels
3304,Xenoestrogens & Early Puberty
3305,Xenoestrogens & Sperm Counts
3306,Vegetarian Zinc Requirements
3307,Soy Hormones & Male Infertility
3308,Meat Hormones & Female Infertility
3309,Brain Parasites in Meat
3310,USDA Parasite Game
3311,New Corpse Smell
3312,Sexually Transmitted Fish Toxin
3313,Restaurant Worker Hand Washing
3314,Fast Food Tested for Carcinogens
3315,Carcinogens in Roasted Coffee?
3316,Muscle Tremors & Diet
3317,Carcinogens in Roasted Chicken?
3318,Fecal Residues on Chicken
3319,Antioxidant Level Dynamics
3320,Forego Fat-Free Dressings?
3321,#1 Anticancer Vegetable
3322,Veggies vs. Cancer
3323,Vegetarian's Myelopathy
3324,Low Meat or No Meat?
3325,Meat & Mortality
3326,How to Treat Diabetes
3327,How to Prevent Diabetes
3328,Thousands of Vegans Studied
3329,Which Plastics are Harmful?
3330,Fill in the Blank
3331,Salt OK if Blood Pressure is OK?
3332,Alcohol Risks vs. Benefits
3333,Aspirin Levels in Plant Foods
3334,Is Caloric Restriction Good For You?
3335,How to Upregulate Metabolism
3336,Oxalates in Cinnamon
3337,Does Tofu Cause Dementia?
3338,Waistline Slimming Food
3339,Waistline Expanding Food
3340,Diverticulosis & Nuts
3342,Is Coconut Milk Good For You?
3343,Is Coconut Oil Good For You?
3344,Are Betel Nuts Good For You?
3345,Peanuts in Pregnancy
3346,Fungal Toxins in Apples
3347,Apples & Breast Cancer
3348,Are Star Fruit Good For You?
3349,Is Mangosteen Juice Good For You?
3350,Is chlorella good for you?
3351,Update on Spirulina
3352,Boosting Heart Nerve Control
3353,Is White Bread Good for You?
3354,Nontoxic Head Lice Treatment
3355,Optimal Sleep Duration
3356,Sleep & Immunity
3357,Airborne Supplements
3358,Hot Dogs & Leukemia
3359,Do Cell Phones Cause Cancer?
3360,Is Carob Good For You?
3361,Update on Chocolate
3362,Kuna Indian Secret
3363,Is Hibiscus Tea Good For You?
3364,Is Osmanthus Tea Good For You?
3365,Is Tulsi Tea Good For You?
3366,Black Tea vs. Earl Grey
3367,Green Tea vs. White
3368,Dietary Brain Wave Alteration
3369,The Healthiest Beverage
3370,Nutrition Without Calories
3371,A Harmless Artificial Sweetener
3372,The Healthiest Sweetener
3373,Mercury in Corn Syrup?
3374,Sugar vs. Corn Syrup
3375,Diet & Hyperactivity
3376,Is Sodium Benzoate Harmful?
3377,Is Gum Arabic Harmful?
3378,Is Citric Acid Harmful?
3379,Is Artificial Butter Flavor Harmful?
3380,Pets & Human Lymphoma
3381,Are Artificial Colors Harmful?
3382,Are Artificial Colors Bad for You?
3383,Chicken vs. Veggie Chicken
3384,Repairing DNA Damage
3385,Flawed Study Interpretation
3386,Cancer Fighting Berries
3388,Raw vs. Cooked Broccoli
3389,The Best Nut
3390,The Best Apple
3391,Bottled Water vs. Tap
3392,Healthiest Airplane Beverage
3393,The Best Mushroom
3394,Tofu vs. Tempeh
3395,The Best Bean
3396,Pinto Beans vs. Black Beans
3397,Carrots vs. Baby Carrots
3398,The Healthiest Raisin
3399,Fruit Juice Fail
3400,Healthy Pumpkin Pie
3401,Superfood Bargains
3402,Antioxidant Content of 300 Foods
3403,New Antioxidant Superstars
3404,Acrylamide in French Fries
3405,Preventing Arthritis
3406,Algae-Based DHA vs. Flax
3407,Plant-Based Omega-3 Supplements
3408,Mercury in Vaccinations vs. Tuna
3409,Farmed Fish vs. Wild-Caught
3410,Flame Retardant Chemical Contamination
3411,Dairy & Acne
3412,Plant vs. Cow Calcium
3413,What Is Really in Hot Dogs?
3414,Food Is a Package Deal
3415,Soy & Breast Cancer
3416,"Red Tea, Honeybush, & Chamomile"
3417,Is Yerba Maté Tea Bad For You?
3418,Coffee vs. Tea
3419,Is Coffee Bad For You?
3420,Is One Egg a Day Too Much?
3421,Broccoli Sprouts
3422,Vitamin Supplements Worth Taking
3423,Antioxidant Vitamin Supplements
3424,Is Black Pepper Bad For You?
3425,Is MSG Bad For You?
3426,Is Nutrasweet® Bad For You?
3427,Body Odor & Diet
3428,IQ of Vegetarian Children
3429,Vegan Paralysis
3430,Avoiding Iodine Deficiency
3431,Omnivore vs. Vegan Nutrient Deficiencies
3432,Healthy Chocolate Milkshakes
3433,Cocoa Good; Chocolate Bad
3434,Extra Virgin Olive Oil
3435,"Good, Great, Bad, & Killer Fats"
3436,Great Grain Robbery
3437,Milk Protein vs. Soy Protein
3438,Halving Heart Attack Risk
3440,Herbalife® Supplement Liver Toxicity
3441,Doctors' Nutritional Ignorance
3442,The Healthiest Vegetables
3443,"Beans, Beans, Good for Your Heart"
3444,Is Noni Juice Good For You?
3445,The Healthiest Fruits
3446,Raw Food Diet Myths
3447,Nine Servings a Day Minimum
3448,Can Pesticides Be Rinsed Off?
3449,Fecal Contamination of Sushi
3450,Don't Eat Raw Alfalfa Sprouts
3451,Blue-Green Algae & Spirulina
3452,Bowel Movement Frequency
3453,"Just the Flax, Ma'am"
3454,Plant-Based Prevention
3455,Slowing the Growth of Cancer
3456,Industrial Carcinogens in Animal Fat
3457,Putrefying Protein and “Toxifying” Enzymes
3458,Treating Dry Eye Disease with Diet: Just Add Water?
3459,How May Plants Protect Against Diabetes?
3460,Why is Meat a Risk Factor for Diabetes?
3461,Coffee and Mortality
3462,Olive Oil and Artery Function
3463,Fatty Meals May Impair Artery Function
3464,Does Chocolate Cause Weight Gain?
3465,High Blood Pressure May Be a Choice
3466,Boosting Brown Fat Through Diet
3467,Brown Fat: Losing Weight Through Thermogenesis
3468,Food as Medicine: Preventing and Treating the Most Dreaded Diseases with Diet
3472,How Doctors Responded to Being Named a Leading Killer
3473,Does Rye Bread Protect Against Cancer?
3474,Fish Consumption and Suicide
